page_id,page_name,total_ads,unique_ads,percent_unique,avg_words,avg_spend,per_ad_avg_spend,total_avg_impressions,per_ad_avg_impression,avg_ad_min_audience,avg_ad_runtime,avg_female_13_17,avg_female_18_24,avg_female_25_34,avg_female_35_44,avg_female_45_54,avg_female_55_64,avg_female_65_plus,avg_male_13_17,avg_male_18_24,avg_male_25_34,avg_male_35_44,avg_male_45_54,avg_male_55_64,avg_male_65_plus,avg_female,avg_male,avg_13_17,avg_18_24,avg_25_34,avg_35_44,avg_45_54,avg_55_64,avg_65_plus,avg_pha,avg_stc,avg_jhc,avg_plk,avg_kvk,avg_ulk,avg_lbk,avg_hkk,avg_pak,avg_vys,avg_jhm,avg_olk,avg_msk,avg_zlk
101279652413889,SPOLU pro Prahu,1904,243,0.128,58,798548,419,12154548,6384,70987,3.6,0,0.025,0.151,0.147,0.086,0.014,0.011,0,0.025,0.182,0.177,0.094,0.012,0.008,0.434,0.498,0,0.05,0.333,0.324,0.179,0.027,0.019,0.898,0.032,0.001,0.001,0,0.001,0.001,0.001,0,0,0.001,0.001,0.001,0
179497582061065,Tomio Okamura - SPD,899,832,0.925,360,507000,564,8445050,9394,941793,1.4,0,0.005,0.016,0.033,0.063,0.111,0.121,0,0.022,0.083,0.155,0.161,0.126,0.096,0.349,0.643,0,0.028,0.099,0.188,0.224,0.236,0.217,0.088,0.093,0.053,0.056,0.038,0.106,0.05,0.053,0.047,0.043,0.113,0.067,0.134,0.053
102389958091735,Generál Pavel,693,354,0.511,54,1945604,2808,55309154,79811,725694,8.2,0,0,0,0,0,0,0,0,0,0,0,0,0,0,0,0,0,0,0,0,0,0,0,0.122,0.087,0.054,0.055,0.027,0.085,0.042,0.044,0.044,0.04,0.137,0.072,0.127,0.059
55876739776,Greenpeace Česká republika,511,100,0.196,174,1261694,2469,10187244,19936,173212,14.1,0.003,0.179,0.249,0.159,0.08,0.038,0.034,0.002,0.048,0.074,0.052,0.024,0.01,0.011,0.743,0.221,0.005,0.227,0.323,0.211,0.105,0.048,0.046,0.276,0.088,0.048,0.042,0.02,0.062,0.038,0.041,0.038,0.03,0.113,0.044,0.088,0.038
236211929833146,Tomáš Zima,498,120,0.241,54,418501,840,14656751,29431,561318,12.9,0,0,0,0,0,0,0,0,0,0,0,0,0,0,0,0,0,0,0,0,0,0,0,0.074,0.072,0.05,0.048,0.025,0.084,0.036,0.043,0.047,0.034,0.09,0.047,0.088,0.038
110208494972750,"Eva Rajchmanová, senátorka za Hodonínsko a Kyjovsko",379,168,0.443,111,50360,133,980310,2587,12609,3.9,0,0,0,0,0,0,0,0,0,0,0,0,0,0,0,0,0,0,0,0,0,0,0,0.001,0,0,0,0,0,0,0,0,0,0.986,0,0,0.002
104768355190287,Sázíme Česko,365,84,0.23,73,2690768,7372,20431818,55978,801943,15.6,0,0.144,0.249,0.155,0.072,0.024,0.014,0,0.073,0.125,0.07,0.028,0.009,0.011,0.658,0.314,0,0.217,0.374,0.225,0.099,0.033,0.025,0.226,0.103,0.052,0.048,0.017,0.056,0.035,0.044,0.043,0.038,0.132,0.049,0.084,0.045
233440870590457,PRO Plzeň,354,164,0.463,40,117573,332,1139823,3220,12996,2.8,0,0.061,0.091,0.091,0.061,0.029,0.021,0,0.06,0.091,0.069,0.05,0.019,0.013,0.355,0.302,0,0.121,0.182,0.16,0.112,0.048,0.034,0.001,0.002,0.007,0.642,0,0.003,0,0,0,0,0.002,0.001,0.001,0.001
487445514669670,Petr Fiala,347,185,0.533,51,590076,1701,9536826,27484,65443,6.1,0,0.015,0.049,0.056,0.06,0.03,0,0,0.113,0.274,0.199,0.143,0.055,0,0.21,0.784,0,0.128,0.324,0.255,0.202,0.085,0,0.242,0.097,0.052,0.044,0.018,0.061,0.036,0.045,0.043,0.05,0.14,0.046,0.077,0.049
223117541065037,Karel Janeček,336,202,0.601,132,3085732,9184,47001339,139885,972620,11.7,0,0.182,0.131,0.083,0.059,0.031,0.025,0,0.144,0.148,0.089,0.053,0.021,0.017,0.51,0.473,0,0.326,0.279,0.173,0.112,0.052,0.041,0,0,0,0,0,0,0,0,0,0,0,0,0,0
112641041456966,Motoristé sobě,331,12,0.036,22,188184,569,985334,2977,96788,1.3,0,0.055,0.088,0.089,0.068,0.055,0.071,0.001,0.071,0.138,0.134,0.092,0.059,0.059,0.425,0.553,0.001,0.125,0.226,0.222,0.159,0.114,0.13,0.976,0.001,0,0,0,0.001,0,0,0,0,0.001,0.001,0.001,0
38492561701,AutoMat,280,13,0.046,66,25160,90,261860,935,118850,4.6,0,0.027,0.061,0.036,0.022,0.016,0.03,0,0.046,0.109,0.106,0.061,0.025,0.034,0.192,0.381,0,0.073,0.17,0.142,0.083,0.041,0.064,0,0,0,0,0,0,0,0,0,0,0,0,0,0
424114981002397,Český rozhlas Plus,270,206,0.763,43,175715,651,8588865,31811,874705,23.8,0,0.035,0.064,0.072,0.067,0.059,0.072,0,0.072,0.137,0.135,0.107,0.061,0.063,0.369,0.575,0,0.107,0.201,0.208,0.173,0.12,0.136,0.188,0.093,0.068,0.046,0.025,0.075,0.037,0.043,0.039,0.036,0.106,0.058,0.086,0.051
114667647911169,Solidarita,266,41,0.154,159,49517,186,276867,1041,81546,1.7,0,0.029,0.04,0.036,0.026,0.025,0.052,0,0.042,0.063,0.06,0.045,0.028,0.039,0.209,0.278,0,0.071,0.103,0.096,0.072,0.053,0.092,0.455,0.017,0.001,0.001,0.001,0.003,0.001,0.001,0.001,0.001,0.003,0.001,0.002,0.001
2214398435317853,CNN Prima NEWS,247,79,0.32,12,406426,1645,6550876,26522,232311,10.4,0,0,0,0,0,0,0,0,0,0,0,0,0,0,0,0,0,0,0,0,0,0,0,0.133,0.107,0.059,0.061,0.028,0.092,0.044,0.048,0.047,0.042,0.115,0.055,0.107,0.048
211685455639198,Ministerstvo práce a sociálních věcí,224,74,0.33,51,401838,1794,13312388,59430,400447,7.8,0,0.046,0.127,0.161,0.184,0.08,0.044,0,0.034,0.064,0.087,0.097,0.04,0.023,0.642,0.345,0,0.081,0.191,0.248,0.281,0.12,0.067,0.09,0.112,0.093,0.081,0.031,0.104,0.06,0.063,0.062,0.055,0.084,0.045,0.074,0.035
30575632699,ODS - Občanská demokratická strana,216,115,0.532,61,496442,2298,6924392,32057,77107,4.2,0,0,0,0,0,0,0,0,0,0,0,0,0,0,0,0,0,0,0,0,0,0,0,0.226,0.107,0.054,0.043,0.021,0.069,0.038,0.045,0.043,0.045,0.132,0.048,0.082,0.044
101500052256658,Jan Kavalírek / zastupitel Praha 5,197,61,0.31,96,95352,484,959402,4870,13347,13.6,0,0.104,0.152,0.086,0.055,0.028,0.023,0,0.096,0.177,0.115,0.069,0.026,0.023,0.448,0.506,0,0.2,0.329,0.201,0.124,0.055,0.046,0.959,0,0,0,0,0,0,0,0,0,0,0,0,0
117823623864,Transparency International ČR,194,121,0.624,110,79203,408,1321903,6814,380388,4.1,0,0.056,0.064,0.067,0.031,0.04,0.095,0,0.062,0.155,0.22,0.078,0.052,0.072,0.352,0.64,0,0.118,0.219,0.287,0.109,0.092,0.167,0.296,0.13,0.03,0.034,0.021,0.057,0.024,0.028,0.025,0.026,0.187,0.032,0.078,0.031
214827221987263,Andrej Babiš,191,92,0.482,37,2061954,10796,15685404,82123,278959,10.1,0,0.087,0.081,0.072,0.083,0.079,0.09,0,0.082,0.111,0.085,0.069,0.042,0.041,0.494,0.43,0,0.169,0.193,0.157,0.153,0.121,0.131,0.078,0.099,0.056,0.043,0.031,0.099,0.04,0.049,0.042,0.077,0.103,0.052,0.106,0.05
227416910669250,Komora daňových poradců ČR,189,63,0.333,119,29356,155,410406,2171,373096,2.4,0,0.035,0.106,0.115,0.112,0.07,0.069,0,0.061,0.164,0.094,0.057,0.039,0.046,0.506,0.461,0,0.096,0.27,0.209,0.168,0.109,0.115,0.188,0.086,0.052,0.043,0.022,0.059,0.03,0.045,0.042,0.044,0.165,0.048,0.089,0.059
34825122262,Časopis Reflex,181,84,0.464,41,253410,1400,3941910,21779,620995,20.5,0,0.042,0.103,0.098,0.083,0.049,0.041,0,0.059,0.15,0.143,0.11,0.051,0.036,0.415,0.549,0,0.101,0.253,0.241,0.193,0.1,0.077,0.227,0.104,0.051,0.045,0.021,0.062,0.037,0.045,0.041,0.035,0.119,0.046,0.091,0.046
424864520888915,Pro Jablonec,175,45,0.257,103,71612,409,1537912,8788,46687,7.4,0,0.076,0.081,0.082,0.09,0.074,0.082,0,0.053,0.082,0.08,0.073,0.044,0.041,0.484,0.374,0,0.129,0.163,0.162,0.163,0.117,0.123,0.001,0.003,0.001,0,0,0.002,0.848,0.003,0,0,0.001,0.001,0.001,0.001
106834174877753,Svět hospodářství,174,167,0.96,71,140213,806,3057413,17571,1000001,10.6,0,0.274,0.154,0.022,0.021,0.034,0.046,0,0.138,0.08,0.049,0.066,0.057,0.05,0.55,0.442,0,0.412,0.235,0.071,0.087,0.091,0.096,0.193,0.109,0.057,0.059,0.028,0.079,0.04,0.049,0.045,0.035,0.11,0.051,0.096,0.043
101495378122651,STAN Hradec Králové,169,38,0.225,67,40566,240,187416,1109,1803,3.5,0,0.029,0.082,0.068,0.054,0.027,0.027,0,0.041,0.099,0.069,0.043,0.019,0.018,0.288,0.289,0,0.069,0.182,0.137,0.097,0.046,0.045,0.001,0,0.001,0,0,0,0,0.49,0.08,0.001,0.002,0.001,0.002,0.001
551976351670874,Zdeněk Hraba,168,137,0.815,96,92866,553,761916,4535,136072,2.8,0,0.024,0.036,0.055,0.077,0.096,0.124,0,0.052,0.073,0.101,0.125,0.108,0.107,0.413,0.566,0,0.076,0.109,0.157,0.202,0.204,0.231,0.023,0.911,0.003,0.003,0.002,0.006,0.003,0.003,0.003,0.002,0.007,0.004,0.008,0.003
2086689531576430,ODS Krupka,166,14,0.084,5,25217,152,195917,1180,5694,4.8,0,0.148,0.082,0.074,0.085,0.069,0.067,0,0.105,0.088,0.075,0.092,0.058,0.05,0.526,0.469,0,0.253,0.171,0.15,0.177,0.127,0.118,0,0,0,0,0,0.999,0,0,0,0,0,0,0,0
264983260329918,Rádio Universum,162,143,0.883,55,181819,1122,2986419,18435,996915,3.8,0,0,0.019,0.05,0.106,0.14,0.175,0,0,0.031,0.079,0.143,0.129,0.121,0.49,0.503,0,0,0.05,0.13,0.249,0.269,0.296,0.15,0.098,0.054,0.052,0.03,0.085,0.045,0.049,0.045,0.04,0.115,0.063,0.119,0.056
60516116431,Člověk v tísni,156,38,0.244,36,2058472,13195,15185922,97346,348527,33.2,0,0.064,0.148,0.159,0.111,0.048,0.037,0,0.043,0.091,0.092,0.071,0.031,0.024,0.567,0.352,0,0.107,0.239,0.251,0.181,0.08,0.061,0,0,0,0,0,0,0,0,0,0,0,0,0,0
284944781875,EURACTIV.cz,151,142,0.94,54,40274,267,744424,4930,925431,6.5,0,0.197,0.141,0.036,0.061,0.026,0.001,0,0.128,0.109,0.099,0.16,0.034,0,0.462,0.531,0,0.325,0.25,0.135,0.221,0.06,0.001,0,0,0,0,0,0,0,0,0,0,0,0,0,0
251656685576,KDU-ČSL,146,122,0.836,76,457477,3133,17102428,117140,876166,12.7,0,0.19,0.142,0.084,0.072,0.047,0.031,0,0.094,0.108,0.097,0.07,0.03,0.022,0.567,0.422,0,0.284,0.25,0.181,0.143,0.077,0.053,0.105,0.097,0.055,0.06,0.031,0.091,0.04,0.054,0.052,0.048,0.124,0.085,0.104,0.043
711658465662315,XTV,142,123,0.866,21,226179,1593,2264429,15947,255961,16.5,0,0,0,0,0,0,0,0,0,0,0,0,0,0,0,0,0,0,0,0,0,0,0,0.151,0.094,0.053,0.044,0.032,0.089,0.038,0.044,0.043,0.036,0.122,0.059,0.118,0.054
108839520897805,Anna Šabatová,138,21,0.152,88,48281,350,226931,1644,33212,2.4,0,0,0,0,0,0,0,0,0,0,0,0,0,0,0,0,0,0,0,0,0,0,0,0,0,0,0,0,0,0,0,0,0,0,0,0,0
1674362659292756,Piráti Praha 3,136,61,0.449,76,35132,258,338932,2492,12143,7.8,0,0.108,0.197,0.092,0.039,0.017,0.014,0,0.083,0.183,0.095,0.037,0.013,0.011,0.467,0.423,0,0.191,0.38,0.187,0.076,0.03,0.025,0.884,0.001,0.001,0.001,0.001,0.001,0.001,0.001,0.001,0,0.002,0.001,0.002,0.001
693725074166331,Naše zdravotnictví,136,111,0.816,42,108982,801,1932932,14213,1000001,6.8,0,0.018,0.078,0.119,0.181,0.185,0.167,0,0.014,0.035,0.03,0.042,0.037,0.031,0.748,0.189,0,0.032,0.113,0.149,0.223,0.222,0.198,0.12,0.085,0.054,0.054,0.029,0.083,0.041,0.058,0.042,0.043,0.111,0.058,0.114,0.05
1410403182565683,Petr Hladík,135,105,0.778,65,378082,2801,3059432,22662,81491,7,0,0.073,0.134,0.114,0.079,0.057,0.064,0,0.07,0.15,0.112,0.066,0.037,0.039,0.521,0.473,0,0.143,0.284,0.226,0.145,0.094,0.102,0.002,0.002,0.001,0.001,0.001,0.002,0.001,0.001,0.001,0.001,0.985,0.001,0.002,0.001
52479821102,Týdeník Respekt,134,121,0.903,48,114583,855,2292433,17108,640382,19.5,0,0.062,0.149,0.131,0.07,0.012,0.008,0,0.078,0.201,0.165,0.091,0.014,0.006,0.432,0.556,0,0.14,0.35,0.296,0.161,0.026,0.014,0.367,0.073,0.037,0.043,0.012,0.038,0.029,0.032,0.029,0.03,0.161,0.052,0.066,0.032
287665901740773,Piráti Praha 7,125,46,0.368,77,79488,636,589438,4716,9704,5.1,0,0.058,0.122,0.082,0.024,0.012,0.011,0,0.072,0.194,0.13,0.035,0.012,0.015,0.31,0.457,0,0.13,0.316,0.212,0.059,0.024,0.026,0.775,0,0,0,0,0,0,0,0,0,0,0,0,0
105410686588,Piráti Brno,122,95,0.779,146,93339,765,1180439,9676,52462,6,0,0,0,0,0,0,0,0,0,0,0,0,0,0,0,0,0,0,0,0,0,0,0,0,0,0,0,0,0,0,0,0,0,0,0,0,0
664997796912382,Změna pro Hradec a Zelení,116,71,0.612,160,73642,635,944942,8146,74156,3.9,0,0.094,0.106,0.087,0.077,0.053,0.068,0,0.082,0.122,0.099,0.072,0.036,0.045,0.485,0.456,0,0.176,0.228,0.186,0.149,0.089,0.113,0,0,0,0,0,0,0,0,0,0,0,0,0,0
206407509818,Blesk.cz,114,61,0.535,30,103943,912,1664443,14600,797905,22,0,0,0,0,0,0,0,0,0,0,0,0,0,0,0,0,0,0,0,0,0,0,0,0.137,0.092,0.048,0.046,0.027,0.088,0.037,0.056,0.05,0.034,0.102,0.068,0.105,0.044
115758841780493,Tábor 2020,113,38,0.336,64,22094,196,245444,2172,8488,11.7,0,0,0,0,0,0,0,0,0,0,0,0,0,0,0,0,0,0,0,0,0,0,0,0,0,0,0,0,0,0,0,0,0,0,0,0,0
111967433619026,Vojtěch Volf - náměstek primátora města Zlína,111,88,0.793,91,28294,255,464444,4184,9163,5.1,0,0.103,0.142,0.118,0.085,0.046,0.04,0,0.079,0.159,0.111,0.065,0.025,0.022,0.535,0.46,0,0.182,0.301,0.229,0.15,0.071,0.062,0,0,0,0,0,0,0,0,0,0,0,0,0,1
110287941156767,Fakt Brno,109,67,0.615,37,167146,1533,2193446,20123,67905,4.6,0,0.141,0.203,0.067,0.005,0.002,0.003,0,0.144,0.304,0.102,0.007,0.003,0.004,0.421,0.563,0,0.285,0.507,0.169,0.012,0.005,0.007,0.002,0.001,0.001,0.001,0.001,0.001,0.001,0.001,0.001,0.001,0.976,0.001,0.002,0.001
328899600936330,Petr Hlaváček - kandidát na primátora,109,99,0.908,80,438646,4024,3593446,32967,204084,3.1,0,0,0,0,0,0,0,0,0,0,0,0,0,0,0,0,0,0,0,0,0,0,0,1,0,0,0,0,0,0,0,0,0,0,0,0,0
171936526824,EKONOM.cz,107,104,0.972,62,61896,578,648446,6060,740665,2.6,0,0,0,0,0,0,0,0,0,0,0,0,0,0,0,0,0,0,0,0,0,0,0,0.261,0.103,0.046,0.05,0.019,0.058,0.046,0.044,0.039,0.034,0.119,0.044,0.092,0.041
909606155877035,Změna pro Říčany,107,74,0.692,157,48796,456,498446,4658,51506,9.1,0,0.111,0.124,0.132,0.088,0.043,0.038,0,0.102,0.123,0.104,0.073,0.03,0.023,0.537,0.455,0,0.213,0.247,0.236,0.161,0.073,0.061,0.005,0.959,0.003,0.003,0.002,0.005,0.002,0.002,0.002,0.002,0.005,0.002,0.005,0.002
302134090396266,Zdeněk Hřib - primátor Prahy,106,54,0.509,87,173197,1634,1469947,13867,85661,2.1,0,0.041,0.097,0.088,0.053,0.031,0.036,0,0.107,0.239,0.158,0.08,0.032,0.03,0.347,0.646,0,0.148,0.336,0.246,0.133,0.064,0.066,0.88,0.061,0.005,0.004,0.002,0.008,0.004,0.004,0.004,0.003,0.009,0.004,0.008,0.004
203656526961481,Klub Pátečníků - patecnici.cz,104,42,0.404,177,138548,1332,2073448,19937,589905,20.5,0,0.075,0.07,0.057,0.068,0.065,0.104,0,0.098,0.105,0.077,0.083,0.071,0.08,0.44,0.513,0,0.173,0.175,0.134,0.15,0.136,0.183,0.204,0.098,0.053,0.05,0.026,0.071,0.037,0.046,0.041,0.036,0.111,0.05,0.091,0.043
356451014434612,Marian Jurečka,103,99,0.961,68,160798,1561,5490448,53305,455118,6.4,0,0.149,0.118,0.094,0.089,0.072,0.053,0,0.079,0.107,0.096,0.073,0.036,0.028,0.576,0.419,0,0.228,0.225,0.191,0.162,0.108,0.081,0.076,0.088,0.051,0.038,0.033,0.084,0.031,0.047,0.051,0.043,0.109,0.157,0.143,0.042
183947234987295,Ministerstvo vnitra,100,33,0.33,34,273400,2734,3286950,32870,139947,42.1,0,0.056,0.086,0.083,0.063,0.037,0.027,0,0.057,0.152,0.15,0.09,0.048,0.027,0.352,0.523,0,0.113,0.239,0.232,0.153,0.085,0.054,0.262,0.093,0.042,0.053,0.027,0.069,0.04,0.031,0.04,0.035,0.083,0.027,0.049,0.025
707458719329186,STAN Praha,97,60,0.619,60,271852,2803,4849952,50000,150480,10.4,0,0.086,0.109,0.089,0.067,0.037,0.05,0,0.092,0.163,0.124,0.085,0.046,0.045,0.438,0.555,0,0.178,0.272,0.213,0.151,0.083,0.095,0.997,0.001,0,0,0,0,0,0,0,0,0,0,0,0
90002267161,TOP 09,93,74,0.796,61,161104,1732,1312454,14112,239420,17.5,0,0.023,0.049,0.064,0.075,0.069,0.083,0,0.067,0.151,0.147,0.122,0.071,0.063,0.363,0.621,0,0.091,0.199,0.211,0.197,0.14,0.146,0.189,0.128,0.026,0.161,0.028,0.038,0.054,0.064,0.024,0.033,0.115,0.038,0.055,0.035
103265981318883,LOUNY SPOLEČNĚ,92,71,0.772,120,25454,277,253954,2760,7805,2.2,0,0.077,0.122,0.098,0.076,0.029,0.025,0,0.076,0.133,0.099,0.059,0.015,0.014,0.426,0.396,0,0.153,0.255,0.197,0.135,0.044,0.039,0,0,0,0,0,0,0,0,0,0,0,0,0,0
108080958047362,"Tomáš Portlík, starosta Devítky",89,30,0.337,127,36506,410,594456,6679,64970,4.8,0,0.086,0.132,0.098,0.059,0.026,0.024,0,0.097,0.179,0.127,0.071,0.026,0.023,0.424,0.523,0,0.183,0.311,0.224,0.13,0.052,0.047,0.824,0.039,0.006,0.008,0.003,0.012,0.005,0.007,0.006,0.005,0.015,0.004,0.01,0.004
1156076277912221,STAN a Zelení Olomouc,89,83,0.933,44,69406,780,461456,5185,18316,3.4,0,0.077,0.118,0.11,0.091,0.063,0.064,0,0.07,0.131,0.113,0.077,0.039,0.04,0.523,0.471,0,0.147,0.249,0.223,0.168,0.102,0.105,0,0,0,0,0,0,0,0,0,0,0,1,0,0
109323929038,Česká pirátská strana,88,59,0.67,86,259156,2945,3575456,40630,124660,6.8,0,0,0,0,0,0,0,0,0,0,0,0,0,0,0,0,0,0,0,0,0,0,0,0.292,0.086,0.045,0.042,0.019,0.056,0.034,0.042,0.039,0.035,0.119,0.046,0.078,0.038
114402001282139,Společně pro Prahu 5,87,19,0.218,129,48806,561,984956,11321,100001,11.5,0,0.12,0.156,0.102,0.062,0.031,0.021,0.001,0.095,0.161,0.109,0.061,0.023,0.016,0.492,0.466,0.001,0.215,0.317,0.211,0.123,0.055,0.037,0.965,0,0,0,0,0,0,0,0,0,0,0,0,0
996724667073669,Piráti Ostrava,86,63,0.733,69,81157,944,1562457,18168,84071,7.2,0,0.121,0.162,0.111,0.057,0.019,0.02,0,0.1,0.182,0.125,0.071,0.015,0.012,0.49,0.504,0,0.221,0.344,0.236,0.128,0.034,0.032,0,0,0,0,0,0,0,0,0,0,0,0,1,0
160225901192351,Jiří Dušek - senátor,85,41,0.482,59,57508,677,673958,7929,113037,5.9,0,0.095,0.109,0.048,0.056,0.061,0.09,0,0.103,0.124,0.104,0.074,0.052,0.067,0.459,0.525,0,0.198,0.233,0.152,0.131,0.113,0.157,0,0,0,0,0,0,0,0,0,0.009,0.977,0.002,0,0
301147597357008,"Robin Povšík, zastupitel Mladé Boleslavi, Hlas pro Boleslav",84,73,0.869,59,71458,851,1073958,12785,10477,3,0,0.043,0.125,0.132,0.097,0.047,0.027,0,0.048,0.16,0.156,0.097,0.034,0.02,0.47,0.515,0,0.091,0.285,0.288,0.194,0.081,0.047,0,0,0,0,0,0,0,0,0,0,0,0,0,0
879538528813642,Solidarita pro Prahu 5,84,28,0.333,105,20458,244,217958,2595,26846,3.9,0,0.046,0.113,0.108,0.068,0.035,0.04,0,0.067,0.142,0.118,0.073,0.026,0.024,0.411,0.451,0,0.114,0.256,0.226,0.142,0.061,0.064,0.869,0,0,0,0,0,0,0,0,0,0,0,0,0
101429731974678,Piráti Jihomoravský kraj,83,58,0.699,147,36508,440,697458,8403,243412,6.5,0,0.14,0.174,0.056,0.037,0.005,0.003,0,0.142,0.237,0.119,0.069,0.008,0.004,0.415,0.578,0,0.282,0.411,0.175,0.106,0.012,0.006,0,0,0,0,0,0,0,0,0,0,1,0,0,0
216195355109791,ODS pro Zlín,82,51,0.622,48,58309,711,333959,4073,10550,4.1,0,0,0,0,0,0,0,0,0,0,0,0,0,0,0,0,0,0,0,0,0,0,0,0,0,0,0,0,0,0,0,0,0,0,0,0,0.902
102383425874954,Hlas pro Boleslav,80,67,0.838,53,68260,853,1076960,13462,34751,3.2,0,0.042,0.117,0.126,0.096,0.049,0.032,0,0.049,0.157,0.156,0.1,0.038,0.025,0.461,0.524,0,0.091,0.273,0.281,0.195,0.086,0.057,0.002,0.965,0.002,0.002,0.001,0.003,0.001,0.002,0.001,0.001,0.002,0.002,0.003,0.001
50309511751,Český rozhlas - Radiožurnál,80,78,0.975,38,85210,1065,2993960,37424,943751,14.8,0,0.03,0.083,0.095,0.084,0.056,0.046,0,0.053,0.155,0.148,0.117,0.057,0.033,0.394,0.562,0,0.083,0.237,0.243,0.201,0.113,0.079,0,0,0,0,0,0,0,0,0,0,0,0,0,0
107563435940797,Skanska v ČR a SR,78,74,0.949,42,36661,470,468461,6006,609232,6.4,0,0.067,0.062,0.05,0.052,0.004,0,0,0.189,0.274,0.166,0.107,0.007,0.001,0.235,0.743,0,0.256,0.336,0.216,0.158,0.011,0.002,0,0,0,0,0,0,0,0,0,0,0,0,0,0
111740250703509,STAROSTOVÉ pro OSTRAVU,77,11,0.143,26,312912,4064,1750462,22733,29176,6.9,0,0.109,0.126,0.085,0.064,0.036,0.028,0,0.089,0.133,0.083,0.055,0.025,0.018,0.449,0.403,0,0.198,0.26,0.167,0.119,0.061,0.046,0.002,0.001,0.001,0,0,0.001,0,0,0,0,0.002,0.001,0.846,0.001
218612878307112,Strana zelených Nový Jičín,77,56,0.727,100,22612,294,279462,3629,18164,6,0,0.081,0.126,0.15,0.099,0.046,0.049,0,0.07,0.103,0.129,0.082,0.034,0.027,0.551,0.445,0,0.151,0.229,0.279,0.18,0.08,0.077,0.008,0.001,0,0.001,0.001,0.001,0,0.001,0.001,0,0.003,0.002,0.978,0.002
470472843093069,Hradiště je boží,77,37,0.481,83,28112,365,322462,4188,7650,7.4,0,0,0,0,0,0,0,0,0,0,0,0,0,0,0,0,0,0,0,0,0,0,0,0,0,0,0,0,0,0,0,0,0,0,0,0,1
1037829876260648,Lumír Kantor,76,42,0.553,44,47462,624,862962,11355,67305,4.2,0,0.04,0.131,0.165,0.134,0.09,0,0,0.045,0.125,0.128,0.095,0.044,0,0.56,0.436,0,0.084,0.255,0.293,0.229,0.134,0,0,0,0,0,0,0,0,0,0.006,0,0.034,0.888,0.024,0.048
134443820058669,Zbyněk Stanjura,75,38,0.507,117,98112,1308,1361462,18153,74668,3.9,0,0.01,0.031,0.044,0.06,0.04,0,0,0.11,0.244,0.203,0.175,0.079,0,0.185,0.81,0,0.12,0.275,0.247,0.234,0.118,0,0.227,0.104,0.052,0.043,0.022,0.07,0.038,0.049,0.046,0.042,0.134,0.046,0.077,0.047
495496033796328,Stanislav Blaha,75,73,0.973,137,49512,660,478462,6379,11201,8,0,0.049,0.155,0.171,0.163,0.011,0.002,0,0.059,0.167,0.133,0.078,0.006,0.001,0.551,0.445,0,0.108,0.322,0.305,0.241,0.017,0.003,0,0,0,0,0,0,0,0,0,0,0,0,0,1
103624831753285,Jiří Crha - starosta Blanska a radní Jihomoravského kraje,73,61,0.836,18,102264,1401,770964,10561,7754,4.9,0,0,0,0,0,0,0,0,0,0,0,0,0,0,0,0,0,0,0,0,0,0,0,0,0,0,0,0,0,0,0,0,0,0,0,0,0
255541127963653,ProOlomouc,73,59,0.808,95,124164,1701,784964,10753,15878,5.5,0,0.06,0.152,0.146,0.079,0.049,0.047,0,0.039,0.141,0.13,0.08,0.037,0.034,0.533,0.462,0,0.1,0.293,0.275,0.159,0.087,0.081,0.007,0.001,0,0,0,0,0,0,0.001,0.001,0.004,0.98,0.003,0.001
58887737763,Hnutí DUHA - Přátelé Země Česká republika,73,55,0.753,68,399814,5477,3835464,52541,295046,23.7,0,0.171,0.213,0.124,0.061,0.038,0.041,0,0.072,0.103,0.082,0.04,0.02,0.023,0.648,0.341,0,0.243,0.316,0.206,0.102,0.058,0.064,0,0,0,0,0,0,0,0,0,0,0,0,0,0
944792105610443,PRAHA SOBĚ,73,39,0.534,135,626214,8578,6601464,90431,73700,5,0,0.041,0.194,0.143,0.067,0.028,0.028,0,0.047,0.192,0.138,0.059,0.02,0.02,0.501,0.475,0,0.088,0.386,0.281,0.126,0.047,0.047,0,0,0,0,0,0,0,0,0,0,0,0,0,0
130038285069,Lékaři bez hranic / Médecins Sans Frontières (MSF),72,47,0.653,139,189264,2629,2276464,31618,307501,11.1,0,0,0,0,0,0,0,0,0,0,0,0,0,0,0,0,0,0,0,0,0,0,0,0.279,0.088,0.048,0.042,0.018,0.046,0.032,0.04,0.036,0.033,0.131,0.045,0.074,0.042
1675252432766963,David Pokorný - lídr Fakt Brno,72,66,0.917,37,47264,656,846464,11756,86340,4.6,0,0.158,0.206,0.065,0.006,0.001,0.001,0,0.149,0.291,0.103,0.009,0.002,0.002,0.437,0.556,0,0.307,0.497,0.168,0.015,0.003,0.004,0.001,0.001,0.001,0.001,0,0.001,0,0.001,0.001,0.001,0.99,0.001,0.002,0.001
587682004653785,Piráti Praha,70,58,0.829,88,214465,3064,3969465,56707,284560,8.5,0,0,0,0,0,0,0,0,0,0,0,0,0,0,0,0,0,0,0,0,0,0,0,0.941,0.008,0.003,0.003,0.001,0.004,0.002,0.002,0.002,0.002,0.005,0.002,0.005,0.002
106614128268751,Jan Dohnal - kandidát na primátora Ostravy,69,33,0.478,92,112916,1636,1072466,15543,94640,15.1,0,0.091,0.144,0.11,0.026,0.018,0.016,0,0.114,0.26,0.155,0.026,0.012,0.01,0.405,0.576,0,0.205,0.404,0.265,0.052,0.03,0.026,0.008,0.009,0.005,0.005,0.003,0.008,0.004,0.004,0.004,0.004,0.008,0.005,0.914,0.005
110603501681275,Ladislav Šupina - kandidát do Senátu,69,46,0.667,59,59216,858,489466,7094,69655,1.5,0,0,0,0,0,0,0,0,0,0,0,0,0,0,0,0,0,0,0,0,0,0,0,0,0,0,0,0,0,0,0,0,0,0,0,0,0
149945438407451,Svoboda zvířat,69,46,0.667,76,409966,5942,4680966,67840,496815,4.7,0,0.317,0.26,0.112,0.091,0.069,0.05,0,0.037,0.033,0.012,0.007,0.004,0.004,0.899,0.097,0,0.354,0.294,0.124,0.098,0.073,0.054,0.203,0.103,0.054,0.065,0.028,0.081,0.038,0.045,0.041,0.033,0.11,0.053,0.097,0.042
101729038539214,Chomutovská koalice,68,39,0.574,219,48466,713,544966,8014,11179,4,0,0.045,0.05,0.067,0.098,0.108,0.103,0,0.071,0.102,0.113,0.109,0.071,0.059,0.471,0.525,0,0.116,0.152,0.181,0.207,0.179,0.162,0.001,0.001,0,0,0.002,0.996,0,0,0,0,0,0,0,0
1708126532760089,"Renata Chmelová, zastupitelka Prahy 10",68,56,0.824,103,85616,1259,1011966,14882,55297,3.4,0,0.144,0.169,0.112,0.063,0.034,0.031,0,0.093,0.145,0.094,0.052,0.022,0.018,0.553,0.424,0,0.237,0.315,0.206,0.115,0.056,0.049,0.983,0,0,0,0,0,0,0,0,0,0,0,0,0
100201752249169,Spolu21,67,33,0.493,42,56516,844,873466,13037,74628,4,0,0.022,0.035,0.041,0.057,0.038,0,0,0.132,0.218,0.191,0.176,0.084,0,0.193,0.801,0,0.154,0.254,0.232,0.233,0.121,0,0,0,0,0,0,0,0,0,0,0,0,0,0,0
1036986463173677,Humans of Piráti,67,65,0.97,290,42616,636,307466,4589,17913,13.3,0,0.031,0.065,0.076,0.08,0.073,0.091,0,0.062,0.139,0.132,0.111,0.069,0.066,0.416,0.578,0,0.093,0.204,0.207,0.191,0.142,0.157,0,0,0,0,0,0,0,0,0,0,0,0,0,0
104022902208605,"Lenka Jüngling, zastupitelka města Přerova",67,61,0.91,101,19916,297,194466,2902,6058,4.5,0,0.14,0.159,0.136,0.053,0.009,0.008,0,0.131,0.171,0.127,0.049,0.006,0.005,0.505,0.489,0,0.271,0.33,0.263,0.102,0.015,0.013,0,0,0,0,0,0,0,0,0,0,0,0.999,0,0.001
109441109110173,Hnutí Občané pro Budějovice,67,58,0.866,131,121516,1814,993466,14828,70628,8.1,0,0.072,0.126,0.134,0.094,0.058,0.055,0,0.059,0.126,0.107,0.068,0.032,0.033,0.539,0.425,0,0.132,0.251,0.241,0.162,0.091,0.088,0,0,0,0,0,0,0,0,0,0,0,0,0,0
153535188480725,Piráti České Budějovice,67,46,0.687,166,62316,930,554466,8276,31647,7.3,0,0.088,0.106,0.086,0.06,0.041,0.041,0,0.115,0.187,0.121,0.068,0.032,0.033,0.422,0.556,0,0.203,0.293,0.207,0.128,0.073,0.074,0,0,0.984,0,0,0,0,0,0,0,0,0,0,0
214101585467205,Piráti Olomouc,67,47,0.701,94,61366,916,433466,6470,53143,3.8,0,0.097,0.128,0.102,0.052,0.014,0.011,0,0.118,0.208,0.166,0.075,0.012,0.009,0.404,0.588,0,0.215,0.337,0.268,0.127,0.026,0.019,0,0,0,0,0,0,0,0,0,0,0,0,0,0
394570898000897,Kniha Revoluce - Jakub Trpiš,67,10,0.149,130,175466,2619,1100966,16432,291231,117.4,0,0.001,0.008,0.037,0.089,0.118,0.114,0,0,0.017,0.071,0.146,0.159,0.144,0.367,0.537,0,0.001,0.025,0.108,0.236,0.277,0.258,0,0,0,0,0,0,0,0,0,0,0,0,0,0
108115708593293,SPOLU Pardubice,66,52,0.788,80,96167,1457,937467,14204,71668,3.6,0,0,0,0,0,0,0,0,0,0,0,0,0,0,0,0,0,0,0,0,0,0,0,0,0,0,0,0,0,0,0.03,0.939,0,0,0,0,0
112593671447648,Vítkovičtí,66,43,0.652,156,26967,409,234967,3560,5243,5.5,0,0.056,0.084,0.095,0.093,0.058,0.047,0,0.068,0.119,0.107,0.081,0.044,0.023,0.432,0.442,0,0.124,0.202,0.202,0.174,0.102,0.07,0,0,0,0,0,0,0,0,0,0,0,0,0,0
126192198099,Richard Vereš,65,31,0.477,274,61718,950,813468,12515,41416,4.2,0,0.046,0.122,0.109,0.092,0.073,0.075,0,0.047,0.157,0.114,0.081,0.044,0.036,0.517,0.479,0,0.093,0.279,0.223,0.173,0.117,0.111,0,0,0,0,0,0,0,0,0,0,0,0,0.999,0
278025502781456,"Za moderní Náchod s úctou k tradicím - Piráti, TOP 09, Zelení a nezávislí",65,60,0.923,171,26818,413,290468,4469,6282,3.8,0,0.175,0.148,0.093,0.075,0.03,0.027,0,0.136,0.146,0.078,0.047,0.022,0.017,0.548,0.445,0,0.31,0.294,0.171,0.122,0.052,0.044,0,0,0,0,0,0,0,0.995,0,0,0.001,0,0.001,0.001
301871309941879,SPOLUplus Havířov,64,40,0.625,74,14868,232,322968,5046,94235,2.4,0,0,0,0,0,0,0,0,0,0,0,0,0,0,0,0,0,0,0,0,0,0,0,0,0,0,0,0,0,0,0,0,0,0,0,0.889,0
211835588951012,Bohuslav Svoboda,63,14,0.222,210,29018,461,501468,7960,189764,1.8,0,0.029,0.1,0.107,0.084,0.041,0.037,0,0.047,0.17,0.172,0.107,0.039,0.029,0.397,0.564,0,0.076,0.269,0.28,0.19,0.08,0.066,0.901,0.068,0,0,0,0,0,0,0,0,0,0,0,0
228380864498014,Krásná Kopřivnice,63,35,0.556,83,18618,296,203468,3230,4893,5.6,0,0.065,0.131,0.131,0.106,0.067,0.053,0,0.074,0.135,0.11,0.064,0.029,0.026,0.553,0.439,0,0.14,0.266,0.241,0.171,0.095,0.08,0,0,0,0,0,0,0,0,0,0,0,0,0,0
441371052635518,Peter Harvánek - veřejný profil,63,19,0.302,67,34118,542,297468,4722,45209,12.8,0,0.05,0.054,0.048,0.079,0.124,0.145,0,0.027,0.074,0.087,0.11,0.099,0.085,0.5,0.481,0,0.077,0.128,0.136,0.188,0.223,0.23,0.001,0.001,0.001,0.001,0.001,0.002,0.001,0.001,0.001,0.001,0.002,0.001,0.97,0.001
101136795503838,Martin Karim do Senátu,62,42,0.677,62,78919,1273,518969,8370,8378,6.5,0,0.088,0.128,0.144,0.091,0.03,0.022,0,0.084,0.156,0.142,0.078,0.017,0.013,0.504,0.489,0,0.171,0.284,0.286,0.169,0.047,0.035,0.017,0.979,0,0,0,0,0,0,0,0,0.001,0.001,0.001,0.001
101940572506366,"Martin Krsek, senátor",62,42,0.677,101,68219,1100,669969,10806,31622,3.1,0,0.021,0.054,0.092,0.119,0.088,0.113,0,0.038,0.092,0.126,0.122,0.07,0.059,0.488,0.508,0,0.059,0.147,0.219,0.242,0.158,0.172,0.019,0.003,0.001,0.001,0.001,0.964,0.001,0.001,0.001,0.001,0.002,0.001,0.002,0.001
115112916857629,Karel Podzimek - místostarosta města Znojma,61,31,0.508,61,63020,1033,772470,12663,12624,20.5,0,0.052,0.128,0.145,0.12,0.077,0.07,0,0.052,0.119,0.098,0.069,0.033,0.033,0.593,0.404,0,0.104,0.248,0.243,0.189,0.11,0.103,0,0,0,0,0,0,0,0,0,0.035,0.964,0,0,0
206273352289,ADRA CZ,61,14,0.23,84,527220,8643,2982970,48901,37830,23.6,0,0,0,0,0,0,0,0,0,0,0,0,0,0,0,0,0,0,0,0,0,0,0,0.192,0.081,0.05,0.082,0.009,0.047,0.058,0.037,0.025,0.023,0.167,0.038,0.13,0.06
375868542113,Piráti Jihočeský kraj,61,51,0.836,98,45820,751,557970,9147,62658,7.2,0,0.125,0.106,0.091,0.048,0.023,0.029,0,0.13,0.173,0.148,0.061,0.021,0.021,0.422,0.554,0,0.255,0.279,0.239,0.109,0.044,0.05,0,0,0,0,0,0,0,0,0,0,0,0,0,0
113339861358429,Vojtěch Mikoláš - místostarosta Prahy 12,59,48,0.814,129,25220,427,202470,3432,196103,4.2,0,0,0,0,0,0,0,0,0,0,0,0,0,0,0,0,0,0,0,0,0,0,0,0.966,0,0,0,0,0,0,0,0,0,0,0,0,0
1439143123070953,Svoboda a přímá demokracie  Liberecký kraj - SPD,59,53,0.898,66,65470,1110,719971,12203,188306,23.4,0,0.006,0.018,0.039,0.093,0.13,0.143,0,0.015,0.056,0.107,0.16,0.129,0.099,0.43,0.567,0,0.022,0.074,0.147,0.254,0.259,0.242,0.009,0.033,0.005,0.006,0.004,0.029,0.846,0.024,0.005,0.004,0.01,0.006,0.013,0.005
1458827397686128,Koalice Vlasta,59,59,1,113,91520,1551,1035470,17550,42713,3.8,0,0.095,0.151,0.12,0.077,0.044,0.043,0,0.081,0.153,0.112,0.064,0.029,0.023,0.529,0.462,0,0.176,0.304,0.232,0.142,0.073,0.066,1,0,0,0,0,0,0,0,0,0,0,0,0,0
287724754662359,HateFree Culture,59,36,0.61,169,128820,2183,5572471,94449,606442,10.1,0,0,0,0,0,0,0,0,0,0,0,0,0,0,0,0,0,0,0,0,0,0,0,0.341,0.126,0.03,0.029,0.016,0.046,0.023,0.062,0.045,0.023,0.139,0.028,0.051,0.023
370583064327,Starostové a nezávislí • STAN,58,48,0.828,65,151871,2618,1295471,22336,430799,2.8,0,0.046,0.062,0.082,0.093,0.021,0.017,0,0.079,0.152,0.194,0.178,0.032,0.021,0.321,0.655,0,0.126,0.213,0.276,0.271,0.053,0.038,0.18,0.136,0.049,0.05,0.026,0.072,0.042,0.047,0.042,0.039,0.115,0.051,0.088,0.045
104452639037483,Starostové a nezávislí Unhošť,57,30,0.526,82,22622,397,104472,1833,9247,6.6,0,0,0,0,0,0,0,0,0,0,0,0,0,0,0,0,0,0,0,0,0,0,0,0.01,0.81,0,0,0,0,0,0,0,0,0.001,0.001,0.001,0
104278609024232,Radka Loučková Kotasová - kandidátka do Senátu za Liberecko,56,22,0.393,63,32522,581,281972,5035,23483,2.7,0,0,0,0,0,0,0,0,0,0,0,0,0,0,0,0,0,0,0,0,0,0,0,0,0,0,0,0,0,0.911,0,0,0,0,0,0,0
339242666586738,Piráti Pardubice,56,37,0.661,138,32472,580,543472,9705,16437,4.9,0,0.112,0.183,0.127,0.028,0.001,0,0,0.1,0.239,0.171,0.033,0.001,0,0.451,0.545,0,0.213,0.422,0.298,0.061,0.001,0,0,0,0,0,0,0,0,0,0.999,0,0,0,0,0
590249011043899,Skautský institut,56,29,0.518,61,65722,1174,1512472,27008,381615,25.8,0,0.01,0.013,0.047,0.056,0.079,0.13,0,0.023,0.054,0.152,0.135,0.101,0.141,0.335,0.605,0,0.033,0.067,0.199,0.19,0.18,0.271,0.013,0.023,0.081,0.023,0.012,0.086,0.09,0.095,0.075,0.076,0.12,0.026,0.184,0.04
102403989060169,Pomáháme Ukrajině,55,53,0.964,90,213722,3886,5278472,95972,983637,5,0,0.024,0.095,0.101,0.099,0.067,0.06,0,0.032,0.156,0.151,0.113,0.055,0.044,0.446,0.55,0,0.056,0.251,0.251,0.212,0.122,0.104,0.088,0.109,0.062,0.058,0.032,0.098,0.043,0.056,0.054,0.053,0.109,0.065,0.118,0.054
107341405343516,Mise Ukrajina,55,40,0.727,98,65722,1195,472972,8599,408201,11.1,0,0.079,0.074,0.084,0.08,0.071,0.071,0,0.098,0.089,0.096,0.103,0.074,0.069,0.46,0.529,0,0.177,0.163,0.18,0.183,0.145,0.14,0,0,0,0,0,0,0,0,0,0,0,0,0,0
1812098778828241,Ostravak,55,40,0.727,42,51522,937,930972,16927,150837,6.4,0,0.071,0.119,0.13,0.105,0.088,0.083,0,0.049,0.092,0.09,0.074,0.042,0.035,0.596,0.382,0,0.12,0.21,0.22,0.179,0.131,0.118,0,0,0,0,0,0,0,0,0,0,0,0.002,0.972,0.002
330095477756673,Honza Dekický pro Porubu,55,32,0.582,181,36522,664,377472,6863,26746,3,0,0,0,0,0,0,0,0,0,0,0,0,0,0,0,0,0,0,0,0,0,0,0,0.001,0.001,0.001,0.001,0.001,0.003,0.001,0.002,0.001,0.001,0.002,0.001,0.982,0.001
102907672280977,Co bude dál?_________,54,9,0.167,77,37673,698,580473,10750,105651,7.3,0,0.357,0.217,0.015,0.003,0.001,0.002,0,0.181,0.141,0.013,0.003,0.001,0.001,0.595,0.341,0,0.538,0.357,0.028,0.006,0.003,0.003,0,0,0,0,0,0,0,0,0,0,0,0,0,0
625530284136204,Zlín 21,54,44,0.815,55,69723,1291,666473,12342,9908,4.8,0,0.085,0.153,0.135,0.084,0.008,0.005,0,0.09,0.195,0.148,0.07,0.003,0,0.469,0.506,0,0.175,0.348,0.283,0.154,0.011,0.005,0,0,0,0,0,0,0,0,0,0,0,0,0,0.981
1965234540369455,Tomáš Jirsa,53,33,0.623,32,54824,1034,767474,14481,61986,7.2,0,0.044,0.066,0.116,0.113,0.088,0.084,0,0.043,0.092,0.116,0.087,0.047,0.044,0.511,0.428,0,0.087,0.158,0.232,0.2,0.135,0.127,0,0,0,0,0,0,0,0,0,0,0,0,0,0
421202771255276,Brněnská Drbna,53,45,0.849,30,33074,624,535474,10103,92265,3.7,0,0,0,0,0,0,0,0,0,0,0,0,0,0,0,0,0,0,0,0,0,0,0,0,0,0,0,0,0,0,0,0,0,0,0,0,0
106691471931611,PRAHA 2 SOBĚ,52,27,0.519,138,39074,751,260974,5019,6251,5.7,0,0.035,0.138,0.11,0.071,0.037,0.036,0,0.046,0.172,0.132,0.061,0.026,0.026,0.428,0.463,0,0.081,0.31,0.242,0.132,0.064,0.062,0.898,0.005,0,0,0,0.001,0,0,0,0,0,0,0,0
175278506715466,PRAHA 9 SOBĚ,52,13,0.25,140,37874,728,237974,4576,14934,3.5,0,0.047,0.113,0.129,0.098,0.062,0.067,0,0.056,0.135,0.122,0.082,0.042,0.037,0.517,0.474,0,0.103,0.248,0.252,0.18,0.105,0.104,0,0,0,0,0,0,0,0,0,0,0,0,0,0
100760001626922,Martin Sedeke místostarosta Prahy 11,51,30,0.588,173,82774,1623,851474,16696,24903,12.2,0,0.068,0.126,0.121,0.078,0.041,0.043,0,0.069,0.144,0.129,0.076,0.032,0.029,0.476,0.478,0,0.137,0.269,0.25,0.153,0.073,0.071,0.957,0,0,0,0,0,0,0,0,0,0,0,0,0
605391559903344,"Michal Sedláček - kandidát do Senátu, hlavní architekt Brna",50,38,0.76,86,65275,1306,673475,13470,51201,6.5,0,0.023,0.057,0.059,0.058,0.055,0.076,0,0.05,0.158,0.142,0.087,0.054,0.056,0.329,0.547,0,0.073,0.216,0.201,0.145,0.109,0.132,0,0,0,0,0,0,0,0,0,0,0,0,0,0
107811238569615,Milan Baier,49,24,0.49,58,45776,934,203476,4153,560,14.7,0,0.117,0.104,0.113,0.102,0.03,0.024,0,0.109,0.102,0.088,0.082,0.021,0.019,0.49,0.421,0.001,0.225,0.206,0.201,0.184,0.052,0.043,0.156,0.725,0.002,0.001,0.001,0.008,0.002,0.001,0.001,0.001,0.005,0.003,0.004,0.002
108434261769239,Jarmila Smotlachová,49,44,0.898,62,91576,1869,776976,15857,20758,10.9,0,0,0,0,0,0,0,0,0,0,0,0,0,0,0,0,0,0,0,0,0,0,0,0.005,0.985,0,0,0,0.002,0,0,0,0,0.002,0.001,0.001,0.001
114474108677288,Martin Kuba,47,36,0.766,274,123726,2632,904976,19255,47601,2,0,0.031,0.088,0.122,0.114,0.076,0.07,0,0.05,0.125,0.12,0.091,0.045,0.041,0.501,0.473,0,0.081,0.213,0.242,0.205,0.121,0.112,0.008,0.012,0.919,0.003,0.002,0.005,0.002,0.003,0.002,0.008,0.005,0.002,0.005,0.002
157601240707,ODS Liberec,47,39,0.83,56,97626,2077,1307976,27829,51065,5.3,0,0.103,0.126,0.109,0.087,0.05,0.048,0,0.077,0.122,0.103,0.079,0.036,0.031,0.523,0.449,0,0.181,0.248,0.212,0.166,0.086,0.079,0,0,0,0,0,0,0.979,0,0,0,0,0,0,0
275446922658260,ODS pro Letňany,47,31,0.66,35,72626,1545,684476,14563,10320,3.7,0,0.106,0.187,0.119,0.062,0.027,0.023,0,0.091,0.168,0.114,0.064,0.02,0.014,0.523,0.47,0,0.196,0.355,0.232,0.126,0.047,0.037,0,0,0,0,0,0,0,0,0,0,0,0,0,0
603752713299929,Hradec srdcem a rozumem,47,40,0.851,351,23026,490,287476,6117,9512,3,0,0.119,0.125,0.101,0.083,0.042,0.039,0,0.111,0.15,0.101,0.067,0.028,0.029,0.51,0.486,0,0.23,0.275,0.202,0.15,0.07,0.069,0,0,0.899,0,0,0,0,0,0,0.101,0,0,0,0
111138674946349,Hradec rozumem,45,10,0.222,211,28928,643,228478,5077,14445,11.4,0,0,0,0,0,0,0,0,0,0,0,0,0,0,0,0,0,0,0,0,0,0,0,0,0,0,0,0,0,0,0.983,0.016,0,0,0,0,0
116938576359818,Dalibor Uhlíř - 1. místostarosta Českého Krumlova,45,42,0.933,44,65678,1460,529978,11777,13712,2.2,0,0,0,0,0,0,0,0,0,0,0,0,0,0,0,0,0,0,0,0,0,0,0,0,0,0.999,0,0,0,0,0,0,0,0,0,0,0
133508726699512,Finmag,45,31,0.689,49,15028,334,172478,3833,513334,16.5,0,0.004,0.011,0.017,0.038,0.098,0.167,0,0.037,0.106,0.119,0.124,0.116,0.135,0.336,0.636,0,0.041,0.117,0.137,0.162,0.213,0.302,0.162,0.086,0.05,0.05,0.029,0.084,0.042,0.045,0.039,0.038,0.121,0.057,0.127,0.048
453697017993990,Aspen Institute Central Europe,45,41,0.911,111,36228,805,1017978,22622,672445,5.9,0,0.01,0.115,0.07,0.031,0.016,0.013,0,0.003,0.467,0.154,0.058,0.031,0.022,0.256,0.736,0,0.014,0.582,0.223,0.09,0.048,0.035,0.261,0.108,0.05,0.055,0.025,0.072,0.035,0.043,0.042,0.04,0.102,0.045,0.076,0.041
103054725736344,Společně pro Prahu 12,44,31,0.705,48,37778,859,234978,5340,120228,3.6,0,0.043,0.093,0.139,0.087,0.076,0.059,0,0.066,0.104,0.119,0.094,0.056,0.035,0.497,0.473,0,0.109,0.197,0.258,0.181,0.132,0.094,0,0,0,0,0,0,0,0,0,0,0,0,0,0
105196675598314,Jesenice pro všechny generace,44,25,0.568,77,14978,340,217478,4943,31410,13,0,0.058,0.117,0.106,0.068,0.029,0.024,0,0.073,0.138,0.105,0.07,0.026,0.019,0.404,0.431,0,0.131,0.255,0.211,0.139,0.055,0.044,0.54,0.294,0,0,0,0,0,0,0,0,0.001,0.001,0.002,0
102259485903928,Starosta Seifert do Senátu,43,30,0.698,66,25528,594,367978,8558,18236,3.1,0,0.144,0.118,0.102,0.08,0.041,0.028,0,0.114,0.131,0.102,0.066,0.026,0.019,0.513,0.459,0,0.258,0.249,0.205,0.147,0.067,0.047,0,0,0,0,0,0,0,0,0,0,0.051,0.026,0.004,0.895
107035315307886,Prof. Jan Pirk,43,30,0.698,91,67928,1580,1320478,30709,98838,8.6,0,0.029,0.128,0.117,0.083,0.046,0.031,0,0.034,0.201,0.169,0.093,0.037,0.025,0.435,0.559,0,0.063,0.33,0.286,0.176,0.082,0.056,1,0,0,0,0,0,0,0,0,0,0,0,0,0
107459941935424,Tomáš Březina,43,38,0.884,134,2268478,52755,20739980,482325,583957,15,0,0.046,0.078,0.08,0.077,0.064,0.06,0,0.057,0.16,0.156,0.114,0.059,0.044,0.406,0.589,0,0.103,0.238,0.236,0.191,0.123,0.104,0.155,0.118,0.027,0.027,0.029,0.106,0.026,0.052,0.043,0.022,0.105,0.07,0.18,0.039
1432139953751418,Josef Středula,43,35,0.814,32,312178,7260,3504978,81511,587675,8.8,0,0.037,0.044,0.055,0.093,0.111,0.118,0,0.044,0.092,0.101,0.114,0.076,0.065,0.458,0.492,0,0.082,0.136,0.156,0.207,0.187,0.183,0.097,0.065,0.036,0.035,0.023,0.233,0.033,0.037,0.032,0.03,0.078,0.044,0.172,0.038
219839338136581,Tomáš Hudeček,43,30,0.698,49,55828,1298,403478,9383,129303,8.2,0,0.142,0.108,0.062,0.064,0.042,0,0,0.109,0.158,0.129,0.108,0.046,0,0.418,0.55,0,0.251,0.266,0.191,0.172,0.087,0,0.956,0.021,0,0,0,0,0,0,0,0,0,0,0,0
104815462295502,Filip Dvořák - Praha 1,42,30,0.714,53,65179,1552,430979,10261,47382,13.4,0,0.078,0.101,0.078,0.068,0.045,0.038,0,0.086,0.169,0.144,0.101,0.049,0.036,0.408,0.585,0,0.164,0.27,0.222,0.169,0.094,0.074,0,0,0,0,0,0,0,0,0,0,0,0,0,0
111158272243495,Osobnosti pro Třinec,42,15,0.357,40,13479,321,131979,3142,5860,3.2,0.001,0.092,0.093,0.114,0.093,0.056,0.038,0.001,0.077,0.097,0.11,0.066,0.039,0.021,0.487,0.412,0.001,0.169,0.191,0.224,0.158,0.095,0.059,0,0,0,0,0,0,0,0,0,0,0,0,0,0
258581527631807,PRO ZNOJMO,42,33,0.786,186,22879,545,195979,4666,43049,2.5,0.001,0.033,0.067,0.101,0.119,0.096,0.094,0.002,0.048,0.114,0.113,0.098,0.057,0.053,0.512,0.484,0.003,0.08,0.181,0.214,0.217,0.154,0.147,0.003,0.002,0.003,0.002,0.001,0.003,0.001,0.001,0.001,0.013,0.963,0.002,0.004,0.001
108688808222597,Iva Vojtková,41,31,0.756,77,63380,1546,395980,9658,129635,5.7,0,0.062,0.089,0.074,0.068,0.058,0.081,0,0.076,0.164,0.116,0.087,0.057,0.059,0.432,0.559,0,0.138,0.254,0.19,0.155,0.115,0.139,1,0,0,0,0,0,0,0,0,0,0,0,0,0
140017002702721,PRO LEPŠÍ LOUNY,41,38,0.927,107,43780,1068,357480,8719,10001,6.3,0,0.045,0.087,0.11,0.129,0.081,0.081,0,0.046,0.092,0.103,0.088,0.042,0.044,0.533,0.415,0,0.092,0.178,0.213,0.217,0.123,0.125,0,0,0,0,0,0.95,0,0,0,0,0,0,0,0
116080567769345,Společně pro Prahu 10,40,15,0.375,81,43280,1082,810480,20262,82751,7.2,0,0,0,0,0,0,0,0,0,0,0,0,0,0,0,0,0,0,0,0,0,0,0,0,0,0,0,0,0,0,0,0,0,0,0,0,0
102422605838295,Radek Hošek • zastupitel města Jihlavy,39,37,0.949,111,34580,887,276480,7089,8745,4.9,0,0.093,0.142,0.146,0.109,0.041,0.016,0,0.073,0.142,0.126,0.071,0.025,0.011,0.547,0.447,0,0.166,0.284,0.272,0.18,0.067,0.026,0,0,0,0,0,0,0,0,0,1,0,0,0,0
102755175821232,Svatopluk Boček,39,18,0.462,12,24930,639,92480,2371,10001,4,0,0.091,0.124,0.117,0.088,0.04,0.024,0,0.085,0.133,0.108,0.066,0.028,0.014,0.484,0.435,0,0.176,0.257,0.225,0.154,0.068,0.038,0.003,0.871,0.002,0,0,0.001,0,0,0.001,0.001,0.01,0.005,0.009,0.004
105537664539553,SPOLU pro Letohrad,39,25,0.641,70,35530,911,127480,3269,26616,2.7,0,0,0,0,0,0,0,0,0,0,0,0,0,0,0,0,0,0,0,0,0,0,0,0,0,0,0,0,0,0,0,0,0,0,0,0,0
108538321935322,"Petr Vacek - senátor, co nechce válku",39,26,0.667,29,24030,616,111480,2858,89232,3.2,0,0,0,0,0,0,0,0,0,0,0,0,0,0,0,0,0,0,0,0,0,0,0,0.958,0.036,0,0,0,0.005,0,0,0,0,0,0,0,0
118300704889475,ODS Ústí nad Orlicí,39,22,0.564,27,28330,726,239480,6141,35386,6.9,0,0.078,0.11,0.122,0.113,0.06,0.06,0,0.076,0.112,0.11,0.081,0.038,0.037,0.543,0.453,0,0.154,0.222,0.232,0.194,0.098,0.096,0.002,0.003,0.001,0.001,0.001,0.104,0.001,0.027,0.848,0.001,0.002,0.001,0.003,0.001
175655605777948,Miloš Vystrčil,39,38,0.974,56,28130,721,228480,5858,81283,5.3,0,0.044,0.068,0.087,0.099,0.076,0.021,0,0.079,0.16,0.158,0.123,0.062,0.018,0.395,0.6,0,0.123,0.227,0.245,0.222,0.138,0.038,0.002,0.007,0.103,0.001,0.001,0.002,0.001,0.001,0.008,0.858,0.008,0.002,0.003,0.001
1757913860945739,ORLEN Unipetrol,39,21,0.538,45,52030,1334,847480,21730,279488,6.4,0,0.03,0.188,0.082,0.056,0.013,0.001,0.001,0.052,0.292,0.157,0.102,0.018,0.001,0.37,0.624,0.001,0.082,0.479,0.24,0.158,0.031,0.002,0,0,0,0,0,0,0,0,0,0,0,0,0,0
103761178989956,Leoš Stránský,38,32,0.842,53,105581,2778,977481,25723,43054,4.1,0,0.096,0.124,0.123,0.108,0.057,0.033,0,0.081,0.14,0.11,0.075,0.031,0.018,0.54,0.455,0,0.177,0.263,0.233,0.183,0.088,0.051,0.009,0.971,0.001,0.003,0.001,0.002,0.001,0.001,0.001,0.001,0.003,0.001,0.002,0.001
111148151656500,René Franěk • Jičínsko a Nymbursko do Senátu,38,21,0.553,127,28281,744,341981,9000,34904,1.8,0,0,0,0,0,0,0,0,0,0,0,0,0,0,0,0,0,0,0,0,0,0,0,0,0.43,0,0,0,0,0.049,0.494,0,0,0,0,0,0
120437461339909,Srdcem Pro Šumperk,38,35,0.921,147,21781,573,351981,9263,23817,6,0,0,0,0,0,0,0,0,0,0,0,0,0,0,0,0,0,0,0,0,0,0,0,0,0,0,0,0,0,0,0.001,0.071,0,0.001,0.903,0.022,0
100628826092239,"Klára Cingrošová, kandidátka Pražské čtyřky",37,30,0.811,41,21832,590,156482,4229,136487,3.5,0,0,0.001,0.019,0.158,0.139,0.144,0,0.003,0.005,0.034,0.231,0.127,0.106,0.462,0.505,0,0.003,0.006,0.054,0.389,0.266,0.25,0.86,0.048,0.005,0.005,0.003,0.011,0.004,0.005,0.004,0.004,0.007,0.004,0.009,0.004
103852342345135,Společně ODS a TOP 09 pro Prahu 4,37,31,0.838,108,216932,5863,882482,23851,87839,3.6,0,0.042,0.114,0.108,0.088,0.059,0.059,0,0.057,0.166,0.131,0.087,0.046,0.037,0.469,0.524,0,0.099,0.28,0.239,0.175,0.105,0.095,0.973,0.003,0.002,0.002,0.001,0.003,0.001,0.002,0.001,0.001,0.003,0.002,0.004,0.002
126996454685051,Piráti Praha 8,37,28,0.757,129,32282,872,280982,7594,80812,6,0,0.081,0.109,0.099,0.055,0.016,0.01,0,0.112,0.224,0.187,0.074,0.015,0.01,0.37,0.622,0,0.193,0.333,0.287,0.129,0.031,0.02,0.997,0.002,0,0,0,0,0,0,0,0,0,0,0,0
1390628097826429,Starostové pro Liberec,37,31,0.838,60,78982,2135,733482,19824,54055,7.7,0,0,0,0,0,0,0,0,0,0,0,0,0,0,0,0,0,0,0,0,0,0,0,0.002,0.003,0.002,0.002,0.001,0.003,0.974,0.002,0.002,0.001,0.003,0.002,0.003,0.001
1553006821473152,Jakub Malačka - ze života zastupitele,37,37,1,194,25682,694,533982,14432,10001,7.2,0.002,0.115,0.133,0.113,0.088,0.045,0.03,0.001,0.091,0.147,0.112,0.071,0.026,0.02,0.526,0.47,0.003,0.206,0.28,0.225,0.159,0.072,0.05,0,0,0,0,0,0,0,0,0,0,1,0,0,0
2085308858176067,Pirátský přístav Brandýs-Boleslav,37,26,0.703,142,32182,870,184482,4986,64028,2.6,0,0.079,0.088,0.1,0.072,0.038,0.031,0,0.086,0.118,0.101,0.066,0.03,0.023,0.408,0.424,0,0.164,0.207,0.202,0.138,0.068,0.054,0,0,0,0,0,0,0,0,0,0,0,0,0,0
116371331070085,Olomoučané,36,32,0.889,116,20382,566,237982,6611,53612,9.2,0,0,0,0,0,0,0,0,0,0,0,0,0,0,0,0,0,0,0,0,0,0,0,0,0,0,0,0,0,0,0,0,0,0.002,0.993,0.001,0.004
118714278179442,TOP 09 Nymburk,36,31,0.861,188,18482,513,129982,3611,44557,5.1,0,0,0,0,0,0,0,0,0,0,0,0,0,0,0,0,0,0,0,0,0,0,0,0,0,0,0,0,0,0,0,0,0,0,0,0,0
421861864941135,Liberec otevřený lidem,36,31,0.861,54,59232,1645,720982,20027,104445,4.3,0.021,0.115,0.099,0.087,0.085,0.059,0.058,0.016,0.074,0.117,0.106,0.081,0.037,0.036,0.524,0.468,0.037,0.189,0.217,0.193,0.166,0.096,0.094,0.001,0.008,0.001,0.001,0.001,0.004,0.975,0.004,0.001,0.001,0.001,0.001,0.002,0.001
453451678117198,ČSSD Havířov,36,11,0.306,46,26682,741,332982,9250,10001,9.1,0,0.01,0.117,0.109,0.11,0.111,0.107,0,0.008,0.101,0.092,0.08,0.067,0.058,0.563,0.406,0,0.018,0.218,0.201,0.19,0.179,0.165,0,0,0,0,0,0,0,0,0,0,0,0,0.972,0
130981220272725,Zelení Praha 3,35,22,0.629,100,38582,1102,268482,7671,64261,5.7,0,0.073,0.161,0.125,0.061,0.035,0.029,0,0.044,0.138,0.114,0.055,0.027,0.014,0.485,0.392,0,0.117,0.3,0.239,0.116,0.062,0.044,0,0,0,0,0,0,0,0,0,0,0,0,0,0
142407199736272,STAN České Budějovice,35,31,0.886,33,43232,1235,494482,14128,54287,6,0,0.048,0.114,0.123,0.023,0.005,0.004,0,0.071,0.217,0.207,0.029,0.006,0.005,0.317,0.535,0,0.119,0.331,0.331,0.051,0.01,0.01,0,0,0.857,0,0,0,0,0,0,0,0,0,0,0
1649724681776439,ProMOST,35,35,1,30,47932,1369,476482,13614,122858,8.2,0,0.046,0.086,0.087,0.086,0.085,0.088,0,0.055,0.13,0.12,0.097,0.061,0.053,0.479,0.518,0,0.101,0.216,0.207,0.184,0.147,0.142,0.002,0.002,0.002,0.002,0.001,0.974,0.002,0.002,0.002,0.001,0.003,0.001,0.003,0.001
232458533991461,Prostějov Na rovinu,35,28,0.8,64,18332,524,176482,5042,82572,4,0,0.143,0.094,0.081,0.083,0.074,0.076,0,0.104,0.098,0.085,0.07,0.044,0.04,0.551,0.44,0,0.248,0.192,0.165,0.153,0.118,0.115,0.004,0.005,0.002,0.003,0.002,0.006,0.002,0.003,0.002,0.002,0.01,0.951,0.006,0.003
287618427947052,Volvo Car Česká Republika,35,23,0.657,35,87432,2498,2478482,70814,845715,16.9,0,0,0.042,0.046,0.044,0.037,0.037,0.001,0,0.245,0.227,0.145,0.077,0.066,0.206,0.761,0.001,0,0.287,0.274,0.189,0.114,0.103,0.142,0.108,0.058,0.06,0.031,0.084,0.042,0.051,0.047,0.045,0.101,0.053,0.095,0.048
384187235387895,Alena Schillerová,35,35,1,419,276332,7895,1880982,53742,148001,6.7,0,0.01,0.025,0.049,0.1,0.156,0.236,0,0.018,0.044,0.066,0.094,0.087,0.111,0.577,0.421,0,0.028,0.069,0.115,0.195,0.244,0.348,0.086,0.148,0.047,0.047,0.038,0.115,0.046,0.049,0.042,0.037,0.107,0.055,0.137,0.046
686278158049451,"ANO, tohle je Znojmo",35,34,0.971,164,85482,2442,751982,21485,10001,8.2,0,0.122,0.136,0.119,0.096,0.046,0.031,0,0.093,0.136,0.1,0.069,0.027,0.02,0.55,0.445,0,0.215,0.273,0.219,0.164,0.073,0.051,0,0,0,0,0,0,0,0,0,0,0.999,0,0,0
1401994146795511,Svoboda a přímá demokracie Praha - SPD,34,23,0.676,91,48983,1441,400483,11779,123533,6.9,0,0.021,0.026,0.031,0.049,0.071,0.132,0,0.04,0.107,0.117,0.114,0.093,0.104,0.331,0.575,0,0.061,0.134,0.148,0.162,0.164,0.236,0.795,0.012,0.007,0.007,0.005,0.011,0.005,0.007,0.006,0.006,0.015,0.01,0.016,0.008
265056436921261,NOVÁ SÍŤ,34,18,0.529,76,19983,588,453983,13352,794325,12.2,0,0.162,0.26,0.131,0.04,0.014,0.021,0,0.092,0.131,0.077,0.03,0.013,0.015,0.628,0.357,0,0.254,0.391,0.208,0.07,0.027,0.036,0.367,0.076,0.05,0.04,0.018,0.049,0.031,0.041,0.035,0.028,0.115,0.043,0.067,0.037
58864692622,Český rozhlas Vltava,34,30,0.882,40,25983,764,551983,16235,291766,22.3,0,0.004,0.063,0.116,0.117,0.084,0.111,0,0.004,0.058,0.116,0.116,0.075,0.068,0.495,0.436,0,0.008,0.12,0.232,0.233,0.159,0.178,0,0,0,0,0,0,0,0,0,0,0,0,0,0
802856686473626,Piráti Tábor,34,28,0.824,128,25283,744,243983,7176,9707,5.7,0,0,0,0,0,0,0,0,0,0,0,0,0,0,0,0,0,0,0,0,0,0,0,0,0.001,0.969,0,0,0,0,0,0,0,0,0,0,0
103236472375246,Žijeme pro Poděbrady,33,25,0.758,58,44284,1342,240484,7287,34910,2.3,0,0,0,0,0,0,0,0,0,0,0,0,0,0,0,0,0,0,0,0,0,0,0,0.002,0.944,0.001,0.001,0.001,0.003,0.001,0.002,0.001,0.001,0.003,0.002,0.004,0.002
255088745405787,Alexandr Hrabálek - primátor města Hradec Králové,33,24,0.727,79,15284,463,147484,4469,47577,1.5,0,0,0,0,0,0,0,0,0,0,0,0,0,0,0,0,0,0,0,0,0,0,0,0,0,0,0,0,0,0,0,0,0,0,0,0,0
549553085465854,Piráti a Zelení pro Most,33,24,0.727,88,40134,1216,305484,9257,10001,4.3,0,0,0,0,0,0,0,0,0,0,0,0,0,0,0,0,0,0,0,0,0,0,0,0,0,0,0,0,0.998,0,0,0,0,0,0,0,0
967603596748188,REZIDENTI 1,33,3,0.091,151,39934,1210,285484,8651,10001,6.1,0,0.03,0.083,0.098,0.094,0.063,0.063,0,0.049,0.155,0.147,0.108,0.056,0.046,0.431,0.561,0,0.078,0.238,0.245,0.202,0.118,0.11,0,0,0,0,0,0,0,0,0,0,0,0,0,0
107368970734411,Dana Balcarová,32,28,0.875,56,44834,1401,282484,8828,180626,7.3,0,0.09,0.111,0.094,0.071,0.032,0.048,0,0.1,0.156,0.144,0.086,0.027,0.03,0.445,0.544,0,0.19,0.266,0.238,0.158,0.059,0.078,0,0,0,0,0,0,0,0,0,0,0,0,0,0
115589329891193,Konference Budoucnost evropského zemědělství /2022,32,29,0.906,123,33884,1059,357984,11187,937501,25,0,0.007,0.018,0.023,0.05,0.114,0.272,0,0.016,0.042,0.061,0.098,0.121,0.176,0.484,0.513,0,0.023,0.06,0.084,0.147,0.235,0.448,0.101,0.095,0.061,0.058,0.037,0.098,0.042,0.052,0.046,0.05,0.116,0.063,0.123,0.058
123761161006567,Radek Vondra - Sousedé pro Prahu 14,32,31,0.969,108,36184,1131,416984,13031,32501,13,0,0.042,0.097,0.116,0.107,0.051,0.038,0,0.063,0.141,0.13,0.093,0.03,0.024,0.451,0.481,0,0.104,0.239,0.246,0.199,0.082,0.061,0.937,0,0,0,0,0,0,0,0,0,0,0,0,0
1305036916201094,Stanislav Folwarczny,32,14,0.438,15,48984,1531,318984,9968,13282,4.2,0,0.045,0.098,0.127,0.123,0.091,0.071,0,0.046,0.097,0.103,0.092,0.062,0.04,0.555,0.441,0,0.091,0.195,0.23,0.215,0.153,0.111,0,0,0,0,0,0,0,0,0,0,0,0,0,0
273251297864533,"Michal Vronský, kandidát na starostu Prahy 3",32,22,0.688,90,62934,1967,593484,18546,12501,15.7,0,0.037,0.137,0.134,0.074,0.045,0.046,0,0.056,0.181,0.15,0.071,0.03,0.029,0.472,0.518,0,0.093,0.318,0.284,0.145,0.074,0.075,0.893,0.035,0.008,0.007,0.003,0.011,0.006,0.006,0.004,0.004,0.008,0.004,0.006,0.003
280411075659709,Marek Hilšer,32,31,0.969,79,39134,1223,385484,12046,120314,6.4,0,0.063,0.115,0.082,0.054,0.062,0.123,0,0.082,0.122,0.098,0.075,0.051,0.067,0.499,0.495,0,0.145,0.237,0.181,0.128,0.114,0.19,0.262,0.076,0.038,0.132,0.019,0.058,0.031,0.043,0.059,0.032,0.091,0.043,0.074,0.038
330377600944854,Jaroslav Dvořák,32,15,0.469,39,18484,578,109984,3437,354688,3.5,0,0.065,0.046,0.036,0.059,0.087,0.136,0,0.037,0.066,0.085,0.108,0.104,0.1,0.429,0.502,0,0.102,0.113,0.122,0.167,0.191,0.236,0.8,0.04,0.007,0.008,0.006,0.012,0.005,0.007,0.005,0.004,0.012,0.005,0.012,0.007
437805853014798,Ústecké fórum občanů - UFO Ústí,32,26,0.812,60,20284,634,175984,5500,36564,4.3,0,0,0,0,0,0,0,0,0,0,0,0,0,0,0,0,0,0,0,0,0,0,0,0,0,0,0,0,0,0,0,0,0,0,0,0,0
55408246161,Amnesty International ČR,32,31,0.969,54,108984,3406,1323984,41374,135167,12.9,0,0.339,0.196,0.068,0.028,0.011,0.005,0,0.149,0.116,0.049,0.018,0.007,0.003,0.647,0.341,0,0.488,0.312,0.117,0.045,0.018,0.008,0.392,0.078,0.059,0.032,0.013,0.042,0.022,0.03,0.027,0.023,0.129,0.071,0.055,0.027
103430204491217,Robert Šlachta,31,28,0.903,67,135984,4387,1969484,63532,162033,8.5,0,0.033,0.022,0.036,0.084,0.141,0.197,0,0.015,0.045,0.088,0.127,0.107,0.101,0.513,0.484,0,0.049,0.067,0.124,0.211,0.248,0.299,0.078,0.078,0.042,0.105,0.028,0.146,0.037,0.042,0.038,0.033,0.131,0.052,0.141,0.046
107052682021701,Praha 8 Bez Chaosu s krizovými manažery,31,29,0.935,573,71334,2301,880984,28419,540324,4.8,0,0.032,0.059,0.045,0.043,0.042,0.051,0,0.113,0.269,0.153,0.088,0.049,0.05,0.272,0.721,0,0.144,0.328,0.199,0.132,0.091,0.1,0.871,0.124,0,0,0,0.004,0,0,0,0,0,0,0,0
189520154425807,Ministerstvo životního prostředí,31,30,0.968,57,34834,1124,684484,22080,320098,7.2,0,0.017,0.091,0.124,0.081,0.073,0.096,0,0.024,0.117,0.163,0.096,0.056,0.056,0.482,0.512,0,0.04,0.207,0.287,0.178,0.129,0.152,0.19,0.161,0.036,0.033,0.024,0.142,0.062,0.036,0.04,0.032,0.109,0.037,0.064,0.034
343685259139493,PATRIOTI PRO PRAHU 6,31,28,0.903,134,41234,1330,312484,10080,21033,6.5,0,0.027,0.089,0.119,0.096,0.074,0.105,0,0.03,0.109,0.13,0.093,0.052,0.064,0.511,0.479,0,0.057,0.198,0.249,0.19,0.127,0.169,0.998,0.001,0,0,0,0,0,0,0,0,0,0,0,0
758005837575860,Kuřimáci - Sdružení pro Kuřim,31,22,0.71,187,21184,683,100484,3241,29259,1.8,0,0.059,0.113,0.138,0.128,0.06,0.054,0,0.074,0.097,0.102,0.071,0.035,0.032,0.551,0.412,0,0.133,0.21,0.24,0.199,0.095,0.086,0,0,0,0,0,0,0,0,0.002,0.007,0.953,0.003,0.001,0
992555574111774,Sev.en,31,5,0.161,15,307784,9929,5028486,162209,294588,15.6,0,0.127,0.125,0.102,0.057,0.027,0.033,0.001,0.119,0.15,0.126,0.066,0.026,0.035,0.471,0.523,0.001,0.246,0.274,0.228,0.123,0.053,0.068,0.127,0.087,0.04,0.04,0.021,0.068,0.033,0.044,0.039,0.029,0.074,0.039,0.07,0.29
101905292391294,Dominik Barták - Žijeme Pardubice,30,22,0.733,66,20485,683,296985,9900,49001,4.3,0,0.052,0.119,0.108,0.094,0.063,0.057,0,0.063,0.166,0.124,0.08,0.038,0.032,0.493,0.503,0,0.115,0.285,0.232,0.174,0.102,0.089,0.001,0.002,0.002,0.001,0.001,0.002,0.001,0.011,0.969,0.002,0.003,0.001,0.002,0.001
105808408727664,My jsme Přísaha Kladno,30,24,0.8,48,61385,2046,440985,14700,9834,4.7,0,0.044,0.065,0.083,0.115,0.098,0.09,0,0.06,0.112,0.109,0.104,0.067,0.05,0.496,0.501,0,0.104,0.177,0.192,0.219,0.165,0.14,0,0,0,0,0,0,0,0,0,0,0,0,0,0
114216794363739,Žijeme Pardubice,30,30,1,127,31085,1036,395485,13183,148001,4.6,0,0.065,0.084,0.096,0.091,0.086,0.104,0,0.062,0.11,0.099,0.08,0.059,0.059,0.526,0.469,0,0.128,0.194,0.194,0.171,0.145,0.163,0.008,0.009,0.006,0.006,0.004,0.01,0.005,0.01,0.904,0.005,0.01,0.005,0.013,0.005
263270307130430,Brno Plus,30,16,0.533,28,96135,3204,780485,26016,100001,1.8,0,0.025,0.037,0.046,0.074,0.095,0.135,0,0.052,0.111,0.122,0.115,0.085,0.098,0.412,0.583,0,0.076,0.148,0.168,0.188,0.181,0.233,0,0,0,0,0,0,0,0,0,0,1,0,0,0
372084439612405,ODS Radotín,30,28,0.933,163,33885,1130,210985,7033,10001,5.6,0,0.051,0.108,0.133,0.117,0.053,0.044,0,0.064,0.134,0.127,0.097,0.036,0.029,0.505,0.488,0,0.115,0.242,0.26,0.214,0.089,0.073,0,0,0,0,0,0,0,0,0,0,0,0,0,0
104111369111523,Jenvyrozhodnete.cz - Starostové pro Ostravu,29,26,0.897,85,308286,10631,1733486,59775,131035,1.2,0,0.034,0.074,0.086,0.097,0.1,0.101,0,0.043,0.105,0.101,0.096,0.068,0.056,0.492,0.47,0,0.077,0.179,0.187,0.193,0.168,0.157,0.002,0.002,0.001,0.001,0.001,0.002,0.001,0.001,0.001,0.001,0.003,0.002,0.942,0.002
105134482009598,Bohdan Vaněk,29,22,0.759,143,14036,484,127486,4396,46967,3.8,0,0,0,0,0,0,0,0,0,0,0,0,0,0,0,0,0,0,0,0,0,0,0,0,0,0,0,0,0,0,0,0,0,0,0,0,0
1322414124491871,PRO – REGION Šumperk,29,27,0.931,111,45336,1563,258486,8913,77967,3.3,0,0.04,0.101,0.13,0.145,0.084,0.075,0,0.043,0.1,0.102,0.09,0.045,0.043,0.574,0.423,0,0.083,0.201,0.232,0.235,0.128,0.117,0.003,0.003,0.002,0.002,0.001,0.003,0.002,0.002,0.012,0.001,0.004,0.958,0.005,0.002
1803608073027117,Společně Ústí nad Labem,29,24,0.828,143,63136,2177,431486,14879,20832,3.4,0,0.061,0.094,0.103,0.109,0.076,0.089,0,0.057,0.111,0.111,0.094,0.048,0.042,0.532,0.462,0,0.118,0.205,0.214,0.203,0.124,0.131,0.006,0.002,0,0,0,0.987,0.001,0.001,0,0,0,0,0,0
183371885688279,Helena Řežábová,29,28,0.966,152,25936,894,236486,8155,30001,2.7,0,0,0,0,0,0,0,0,0,0,0,0,0,0,0,0,0,0,0,0,0,0,0,0,0,0,0.999,0,0,0,0,0,0,0,0,0,0
198431717471046,Společně pro Prahu 8 - TOP 09 a STAN,29,24,0.828,129,75436,2601,468486,16155,24380,8.2,0,0.045,0.136,0.133,0.111,0.031,0.001,0,0.053,0.19,0.161,0.106,0.025,0.001,0.457,0.536,0,0.097,0.326,0.294,0.218,0.056,0.002,0.998,0,0,0,0,0,0,0,0,0,0,0,0.001,0
208429389352024,Královopolští patrioti - KPP,29,24,0.828,90,25936,894,241486,8327,144829,3.6,0,0,0,0,0,0,0,0,0,0,0,0,0,0,0,0,0,0,0,0,0,0,0,0.004,0.004,0.002,0.002,0.001,0.004,0.001,0.002,0.002,0.004,0.895,0.004,0.004,0.002
293633614151836,Pro Prahu Čakovice,29,21,0.724,155,22036,760,100486,3465,10001,2,0,0.124,0.156,0.123,0.069,0.025,0.019,0,0.104,0.143,0.103,0.059,0.018,0.013,0.516,0.441,0,0.229,0.299,0.227,0.128,0.043,0.032,0.893,0.064,0,0,0,0,0,0,0,0,0.002,0.001,0.002,0.001
354788534653316,Pavel Blažík,29,24,0.828,133,13936,481,49486,1706,29311,8.4,0,0.042,0.116,0.128,0.097,0.051,0.034,0,0.045,0.125,0.142,0.086,0.038,0.02,0.467,0.458,0,0.087,0.241,0.271,0.183,0.089,0.054,0,0,0,0,0,0,0,0,0,0,0.931,0,0,0
101894271393926,Daniel Kůs - Radní Plzně,28,22,0.786,74,63936,2283,384486,13732,90358,2.1,0,0.147,0.12,0.059,0.06,0.018,0.016,0,0.176,0.199,0.096,0.071,0.015,0.012,0.42,0.568,0,0.322,0.319,0.155,0.131,0.033,0.027,0.007,0.004,0.003,0.967,0.001,0.002,0.001,0.001,0.002,0.001,0.004,0.002,0.003,0.002
105051255452737,Společně pro Prahu 13,28,25,0.893,89,41786,1492,473986,16928,9680,8.1,0,0.083,0.146,0.098,0.055,0.03,0.022,0,0.075,0.205,0.15,0.076,0.034,0.021,0.434,0.561,0,0.158,0.351,0.248,0.131,0.064,0.043,0,0,0,0,0,0,0,0,0,0,0,0,0,0
129090553792481,Central Group,28,27,0.964,72,17386,621,191986,6857,400001,12,0,0.137,0.081,0.055,0.055,0.033,0.039,0.001,0.259,0.138,0.083,0.056,0.024,0.026,0.4,0.588,0.001,0.397,0.219,0.138,0.111,0.058,0.065,0.621,0.379,0,0,0,0,0,0,0,0,0,0,0,0
169065407139584,Tilt,28,3,0.107,21,50936,1819,634486,22660,378580,10.1,0,0.068,0.137,0.13,0.161,0.016,0,0,0.06,0.137,0.135,0.138,0.011,0,0.512,0.48,0,0.128,0.274,0.265,0.299,0.027,0,0.167,0.09,0.05,0.052,0.023,0.074,0.042,0.049,0.045,0.043,0.137,0.062,0.113,0.05
237673056405666,Piráti Opava,28,15,0.536,142,22186,792,161986,5785,28930,6.3,0,0.186,0.138,0.095,0.096,0.012,0.011,0,0.123,0.145,0.094,0.077,0.008,0.007,0.538,0.455,0,0.309,0.283,0.189,0.173,0.02,0.018,0,0,0,0,0,0,0,0,0,0,0,0.002,0.997,0
280617905401953,Alexandra Udženija,28,16,0.571,110,147986,5285,2001486,71482,88930,30,0.001,0.116,0.168,0.127,0.065,0.019,0.059,0.002,0.081,0.14,0.105,0.05,0.014,0.045,0.554,0.437,0.003,0.197,0.308,0.232,0.115,0.033,0.104,1,0,0,0,0,0,0,0,0,0,0,0,0,0
310744935780286,Petr Veselka-starosta MOaP,28,26,0.929,77,32236,1151,226986,8107,100644,4.1,0,0.017,0.058,0.117,0.168,0.165,0.171,0,0.017,0.048,0.063,0.07,0.054,0.047,0.697,0.299,0,0.034,0.107,0.18,0.239,0.219,0.217,0.012,0.006,0.003,0.004,0.003,0.007,0.004,0.004,0.004,0.003,0.01,0.007,0.924,0.006
356448681873897,Mikuláš Peksa,28,19,0.679,93,41286,1474,451986,16142,118215,5.2,0,0,0,0,0,0,0,0,0,0,0,0,0,0,0,0,0,0,0,0,0,0,0,0.3,0.11,0.034,0.04,0.015,0.047,0.024,0.031,0.029,0.046,0.127,0.065,0.094,0.036
678579752191602,Šance pro Příbram,28,23,0.821,106,28986,1035,462986,16535,19644,4.5,0.008,0.125,0.12,0.107,0.082,0.048,0.034,0.006,0.093,0.131,0.11,0.076,0.032,0.024,0.524,0.471,0.014,0.218,0.251,0.217,0.158,0.08,0.057,0.007,0.948,0.012,0.033,0,0,0,0,0,0,0,0,0,0
101288484695293,Evropská soda,27,16,0.593,91,47236,1749,1964986,72777,655557,4.9,0,0,0,0,0,0,0,0,0,0,0,0,0,0,0,0,0,0,0,0,0,0,0,0,0,0,0,0,0,0,0,0,0,0,0,0,0
101673419347446,Luděk Šarman - krizový manažer a kandidát do Senátu 2022,27,16,0.593,134,82886,3070,435486,16129,35779,5.6,0,0.086,0.11,0.104,0.108,0.068,0.059,0,0.072,0.119,0.105,0.086,0.042,0.035,0.534,0.46,0,0.158,0.229,0.21,0.194,0.11,0.094,0,0,0,0,0,0,0,0,0,0,0.001,0.006,0.991,0
158739964797781,Krásné Letňany,27,24,0.889,32,47886,1774,248486,9203,11901,16.2,0,0.068,0.141,0.136,0.081,0.069,0.058,0,0.058,0.125,0.112,0.072,0.041,0.033,0.553,0.441,0,0.126,0.266,0.248,0.152,0.11,0.091,0,0,0,0,0,0,0,0,0,0,0,0,0,0
1990106357945812,Piráti Příbram,27,19,0.704,86,42236,1564,330486,12240,7816,6.3,0,0,0,0,0,0,0,0,0,0,0,0,0,0,0,0,0,0,0,0,0,0,0,0,0.961,0,0.001,0,0,0,0,0,0,0,0,0,0
241125683294662,Piráti Frýdek-Místek,27,25,0.926,226,13336,494,96486,3574,10001,3.3,0,0,0,0,0,0,0,0,0,0,0,0,0,0,0,0,0,0,0,0,0,0,0,0,0,0,0,0,0,0,0,0,0,0,0,1,0
475787975837992,"ANO, tohle je Jablonec nad Nisou",27,21,0.778,148,19136,709,109486,4055,60379,4.3,0,0.023,0.047,0.084,0.119,0.109,0.14,0,0.044,0.09,0.098,0.098,0.068,0.075,0.522,0.473,0,0.067,0.138,0.182,0.216,0.177,0.215,0.009,0.018,0.003,0.003,0.003,0.015,0.908,0.019,0.004,0.002,0.006,0.003,0.006,0.002
102090718057736,Urban Developers and Investors,26,26,1,61,81487,3134,2494987,95961,405386,5.1,0,0,0,0,0,0,0,0,0,0,0,0,0,0,0,0,0,0,0,0,0,0,0,0.807,0.085,0.007,0.006,0.004,0.011,0.005,0.009,0.008,0.005,0.02,0.007,0.02,0.006
105467375029947,SEN 21 pro Prahu 5,26,23,0.885,74,41137,1582,234487,9019,28512,3,0,0.036,0.121,0.14,0.111,0.079,0.073,0,0.031,0.129,0.118,0.083,0.043,0.03,0.559,0.433,0,0.066,0.25,0.258,0.194,0.122,0.102,0,0,0,0,0,0,0,0,0,0,0,0,0,0
115602606970,Piráti Plzeňský kraj,26,15,0.577,72,52187,2007,322987,12423,79274,2.4,0,0.061,0.083,0.097,0.102,0.036,0.025,0,0.053,0.158,0.158,0.133,0.034,0.018,0.403,0.554,0,0.114,0.241,0.255,0.234,0.07,0.043,0.003,0.004,0.002,0.925,0.002,0.004,0.002,0.002,0.002,0.002,0.004,0.003,0.005,0.002
123973774287850,Sdružení Mostečané Mostu,26,23,0.885,84,48237,1855,406987,15653,10001,3.5,0,0,0,0,0,0,0,0,0,0,0,0,0,0,0,0,0,0,0,0,0,0,0,0,0,0,0,0,1,0,0,0,0,0,0,0,0
1674584452793448,"Osmička žije - Město, které žije s vámi.",26,13,0.5,101,48337,1859,232487,8942,53078,4.5,0,0.136,0.218,0.119,0.059,0.023,0.03,0,0.064,0.137,0.088,0.046,0.016,0.015,0.585,0.366,0,0.2,0.355,0.207,0.105,0.039,0.044,0.952,0.003,0,0,0,0,0,0,0,0,0.001,0.001,0.001,0.001
238840849997518,Koalice pro Prahu 3,26,24,0.923,43,23087,888,118987,4576,10001,4.1,0,0,0,0,0,0,0,0,0,0,0,0,0,0,0,0,0,0,0,0,0,0,0,0.922,0,0,0,0,0,0,0,0,0,0,0,0,0
292324821516048,Živá Choceň,26,22,0.846,64,51837,1994,568487,21865,50001,3.9,0,0.129,0.133,0.104,0.08,0.035,0.028,0,0.113,0.15,0.109,0.069,0.024,0.021,0.509,0.486,0,0.242,0.284,0.212,0.15,0.06,0.048,0,0,0,0,0,0,0,0.18,0.82,0,0,0,0,0
350267285083070,"ANO, tohle je Havířov",26,15,0.577,31,17787,684,237987,9153,324270,3.2,0,0.067,0.076,0.066,0.072,0.088,0.067,0,0.078,0.13,0.095,0.082,0.062,0.036,0.436,0.485,0,0.145,0.207,0.162,0.154,0.15,0.103,0.023,0.027,0.016,0.014,0.01,0.025,0.013,0.015,0.013,0.013,0.031,0.018,0.684,0.017
574107592700484,Ministerstvo průmyslu a obchodu,26,15,0.577,42,65137,2505,3164987,121730,1000001,12.1,0,0.098,0.071,0.069,0.067,0.058,0.042,0,0.103,0.148,0.144,0.102,0.051,0.041,0.404,0.59,0,0.2,0.219,0.212,0.169,0.109,0.083,0.131,0.108,0.06,0.059,0.033,0.097,0.044,0.051,0.049,0.047,0.11,0.058,0.106,0.048
578342809023884,Jsme fér,26,24,0.923,163,157137,6044,4296988,165269,350039,19.1,0,0.198,0.261,0.107,0.049,0.016,0.016,0,0.083,0.142,0.068,0.03,0.009,0.01,0.648,0.342,0,0.281,0.403,0.175,0.079,0.025,0.026,0.318,0.089,0.045,0.044,0.019,0.061,0.031,0.037,0.037,0.029,0.128,0.045,0.074,0.034
623900784396150,Piráti Praha 6,26,22,0.846,86,22787,876,152487,5865,8162,3.8,0,0.112,0.16,0.144,0.081,0.05,0.045,0,0.066,0.121,0.089,0.051,0.035,0.035,0.593,0.398,0.001,0.179,0.281,0.233,0.131,0.085,0.081,0.999,0,0,0,0,0,0,0,0,0,0,0,0,0
100441749442313,"David Procházka, zastupitel hl. m. Prahy",25,19,0.76,127,33938,1358,238988,9560,90001,13.3,0,0.106,0.162,0.075,0.059,0.012,0.014,0,0.205,0.261,0.025,0.02,0.006,0.005,0.429,0.523,0,0.312,0.423,0.1,0.079,0.018,0.019,0.937,0.023,0,0,0,0,0,0,0,0,0,0,0,0
101079525821135,Nezávislá Zbraslav,25,25,1,62,52788,2112,362988,14520,44801,3.9,0,0.049,0.11,0.134,0.121,0.062,0.055,0,0.053,0.118,0.12,0.094,0.041,0.034,0.533,0.46,0,0.102,0.229,0.255,0.215,0.103,0.089,0.981,0.019,0,0,0,0,0,0,0,0,0,0,0,0
101097102575922,Společně pro Tábor,25,10,0.4,67,23738,950,406488,16260,13601,5.1,0,0.143,0.128,0.107,0.077,0.036,0.021,0,0.121,0.154,0.104,0.066,0.023,0.014,0.512,0.483,0,0.264,0.282,0.211,0.143,0.059,0.035,0,0.025,0.963,0,0,0,0,0,0,0.012,0,0,0,0
107996628144164,PRAHA 6 SOBĚ,25,17,0.68,134,22838,914,271488,10860,21241,7.3,0,0.078,0.166,0.125,0.071,0.037,0.039,0,0.078,0.175,0.112,0.06,0.023,0.024,0.517,0.472,0,0.156,0.341,0.237,0.131,0.061,0.062,0.994,0,0,0,0,0,0,0,0,0,0.001,0.001,0.001,0
1450791891867372,Podpora občanů,25,25,1,64,22538,902,156488,6260,46481,4.2,0,0,0,0,0,0,0,0,0,0,0,0,0,0,0,0,0,0,0,0,0,0,0,0,0,0,0,0,0,0,0,0,0,0,0,0,0
1640434722887374,Martin Balej,25,19,0.76,55,102938,4118,902988,36120,38817,5.4,0,0.057,0.108,0.089,0.089,0.061,0.063,0,0.06,0.143,0.113,0.095,0.044,0.034,0.467,0.489,0,0.117,0.251,0.202,0.184,0.105,0.097,0.008,0.006,0,0.001,0.002,0.938,0.002,0,0.001,0,0.001,0,0,0.001
186041078135013,Ing. Miloš Vele,25,19,0.76,71,16738,670,129488,5180,10001,4.2,0,0.056,0.106,0.116,0.119,0.084,0,0,0.064,0.158,0.133,0.104,0.054,0,0.482,0.513,0,0.119,0.264,0.249,0.223,0.139,0,0,0,0,0,0,0,1,0,0,0,0,0,0,0
313607478796586,Starostové a nezávislí - Praha 22,25,21,0.84,146,13338,534,90488,3620,10001,9.5,0,0.076,0.128,0.167,0.096,0.049,0.049,0,0.065,0.101,0.118,0.078,0.037,0.028,0.564,0.427,0.001,0.141,0.229,0.285,0.174,0.086,0.076,0,0,0,0,0,0,0,0,0,0,0,0,0,0
426413618135598,ZEN pro Jaroměř - Zelení a nezávislí,25,17,0.68,114,23238,930,131488,5260,15413,2.6,0,0.092,0.126,0.144,0.107,0.045,0.041,0,0.077,0.122,0.112,0.07,0.03,0.027,0.556,0.437,0,0.169,0.249,0.256,0.177,0.075,0.068,0,0,0,0,0,0,0,0,0,0,0,0,0,0
102967535824855,Ladislava Brančíková - ředitelka Domova pro seniory Kyjov,24,20,0.833,60,46988,1958,749488,31229,46668,6.2,0,0.107,0.111,0.114,0.106,0.066,0.049,0,0.082,0.123,0.103,0.073,0.035,0.026,0.553,0.442,0,0.189,0.234,0.217,0.179,0.101,0.075,0,0,0,0,0,0,0,0,0,0,1,0,0,0
104353365643901,MUDr. Bohuslav Procházka - senátor,24,18,0.75,53,96038,4002,663488,27645,110043,3.7,0,0.051,0.125,0.145,0.128,0.089,0.086,0,0.051,0.101,0.088,0.067,0.034,0.032,0.624,0.372,0,0.102,0.226,0.233,0.195,0.123,0.118,0.005,0.744,0.007,0.007,0.003,0.008,0.002,0.004,0.015,0.171,0.013,0.008,0.009,0.004
105685888905353,"ANO, máme rádi Šternberk",24,14,0.583,67,36338,1514,136988,5708,1668,4.1,0,0.01,0.095,0.159,0.144,0.076,0.066,0,0.009,0.09,0.125,0.099,0.038,0.043,0.549,0.405,0,0.019,0.185,0.284,0.242,0.114,0.11,0,0,0,0,0,0,0,0,0,0,0,0,0,0
1406016096336133,"ANO, tohle je Valmez",24,19,0.792,29,22588,941,270488,11270,57918,9.8,0,0.043,0.076,0.102,0.118,0.081,0.073,0,0.052,0.105,0.116,0.095,0.048,0.044,0.494,0.459,0,0.094,0.181,0.218,0.213,0.129,0.116,0.004,0.004,0.003,0.003,0.002,0.005,0.002,0.002,0.002,0.002,0.004,0.013,0.04,0.872
146933479338120,Piráti Beroun,24,12,0.5,100,33488,1395,225988,9416,11668,7,0,0.043,0.13,0.177,0.079,0.012,0.008,0,0.067,0.193,0.198,0.074,0.008,0.004,0.45,0.544,0,0.11,0.323,0.375,0.153,0.02,0.012,0,0,0,0,0,0,0,0,0,0,0,0,0,0
1934837773438430,Pavel Fischer,24,19,0.792,23,47588,1983,774488,32270,536251,4.6,0,0.074,0.107,0.064,0.05,0.061,0.123,0,0.085,0.132,0.086,0.069,0.064,0.08,0.479,0.515,0,0.16,0.238,0.149,0.119,0.125,0.203,0.219,0.089,0.043,0.037,0.017,0.048,0.037,0.07,0.034,0.073,0.14,0.081,0.07,0.043
102771285771563,Společně pro Kolín - ODS a TOP 09,23,15,0.652,119,14738,641,100488,4369,10001,4.5,0,0.032,0.089,0.124,0.121,0.064,0.032,0,0.053,0.147,0.162,0.11,0.045,0.019,0.461,0.536,0,0.085,0.237,0.285,0.231,0.109,0.051,0,0.999,0,0,0,0,0,0,0,0,0,0,0,0
109664387308142,Poradna pro obce,23,17,0.739,29,78938,3432,1003488,43630,65914,42.4,0,0.143,0.217,0.075,0.106,0.115,0.037,0,0.07,0.096,0.044,0.045,0.029,0.019,0.692,0.304,0,0.214,0.313,0.119,0.151,0.144,0.056,0,0,0,0,0,0,0,0,0,0,0,0,0,0
1416733788557863,Pravda o vodě a voda lidem,23,20,0.87,77,34788,1513,504988,21956,456523,4.4,0,0,0.01,0.033,0.085,0.133,0.188,0,0,0.03,0.091,0.144,0.137,0.145,0.449,0.547,0,0,0.039,0.123,0.229,0.271,0.333,0.073,0.11,0.074,0.023,0.003,0.035,0.014,0.006,0.033,0.072,0.162,0.129,0.142,0.122
342077753088187,Zdeněk Šarapatka,23,19,0.826,91,85738,3728,504988,21956,124566,2.7,0,0.092,0.066,0.076,0.095,0.085,0.095,0,0.065,0.081,0.1,0.108,0.069,0.062,0.509,0.485,0,0.157,0.147,0.175,0.203,0.154,0.157,0.116,0.877,0,0,0,0.007,0,0,0,0,0,0,0,0
743298372350377,Zelení Kaplice,23,10,0.435,160,26488,1152,191488,8326,64527,14.6,0,0.029,0.057,0.096,0.092,0.076,0.061,0,0.034,0.089,0.112,0.103,0.069,0.047,0.411,0.454,0,0.063,0.146,0.209,0.195,0.144,0.108,0.025,0.008,0.779,0.005,0.001,0.006,0.003,0.007,0.003,0.004,0.01,0.005,0.005,0.003
100890842680928,Milan Volf - primátor,22,19,0.864,84,88039,4002,783489,35613,91369,2.5,0,0.12,0.089,0.081,0.091,0.071,0.068,0,0.077,0.102,0.089,0.078,0.044,0.038,0.519,0.429,0,0.197,0.191,0.17,0.17,0.115,0.105,0.129,0.825,0,0,0,0,0,0,0,0,0,0,0,0
108392050621937,Starostové a nezávislí Ústí nad Labem,22,20,0.909,72,21089,959,451489,20522,69546,5.3,0,0.132,0.11,0.087,0.075,0.047,0.052,0,0.102,0.13,0.106,0.082,0.038,0.033,0.503,0.491,0,0.234,0.24,0.194,0.157,0.085,0.084,0,0,0,0,0,0,0,0,0,0,0,0,0,0
1088335161224887,Jiří Růžička - senátor,22,22,1,65,30639,1393,504489,22931,46137,5.5,0,0.154,0.152,0.101,0.06,0.025,0.016,0,0.112,0.175,0.11,0.056,0.019,0.013,0.507,0.485,0,0.266,0.326,0.211,0.116,0.044,0.029,0.907,0.013,0,0,0,0,0.008,0.026,0,0.045,0,0,0,0
2040099032895460,Vrchlabí do toho,22,22,1,53,30789,1400,167989,7636,5001,1.7,0,0.081,0.126,0.132,0.1,0.054,0.041,0,0.071,0.125,0.118,0.083,0.035,0.029,0.535,0.461,0,0.152,0.251,0.25,0.183,0.089,0.07,0,0,0,0,0,0,0,0,0,0,0,0,0,0
416080635131087,ČSSD Vaši Starostové,22,21,0.955,97,102939,4679,1123989,51090,52819,12.8,0,0.054,0.14,0.126,0.093,0.048,0.041,0,0.049,0.168,0.14,0.077,0.03,0.026,0.503,0.492,0,0.103,0.308,0.266,0.171,0.078,0.068,0,0,0,0,0,0,0,0,0,0,0,0,0,0
627428350610694,"ANO, tohle je Ústí nad Labem",22,18,0.818,21,21089,959,110989,5045,26001,2.6,0,0.024,0.045,0.065,0.084,0.088,0.119,0,0.041,0.078,0.082,0.083,0.054,0.054,0.424,0.391,0,0.065,0.123,0.146,0.167,0.141,0.173,0.004,0.003,0,0.001,0.001,0.802,0.001,0.001,0.001,0,0.001,0,0.001,0
105933798322605,Roman Hájek - zastupitel Kladna,21,12,0.571,48,43190,2057,302990,14428,18101,3.6,0,0.089,0.13,0.118,0.098,0.055,0.035,0,0.076,0.125,0.1,0.07,0.031,0.02,0.525,0.422,0,0.165,0.254,0.218,0.168,0.086,0.055,0.01,0.94,0,0,0,0,0,0,0,0,0.001,0,0.001,0
154228456802,Divadlo v Řeznické,21,8,0.381,20,42540,2026,729490,34738,976191,13.6,0,0.173,0.385,0.06,0.036,0.027,0.04,0,0.074,0.123,0.024,0.02,0.012,0.018,0.721,0.271,0,0.247,0.507,0.084,0.055,0.04,0.058,0.55,0.219,0.02,0.02,0.008,0.034,0.014,0.016,0.015,0.011,0.038,0.014,0.029,0.013
1549869785240360,Zdraví Sport Prosperita Teplice,21,17,0.81,30,18440,878,148490,7071,43811,0.8,0,0.043,0.079,0.095,0.121,0.091,0.101,0,0.049,0.108,0.091,0.103,0.061,0.054,0.531,0.467,0,0.093,0.187,0.186,0.224,0.152,0.155,0,0,0,0,0,1,0,0,0,0,0,0,0,0
361281313901258,Komerční banka,21,7,0.333,25,83090,3957,1820490,86690,566668,31.2,0,0.287,0.201,0.033,0.012,0.019,0.022,0,0.217,0.123,0.034,0.016,0.015,0.014,0.573,0.419,0,0.504,0.324,0.067,0.028,0.034,0.036,0.205,0.109,0.054,0.054,0.024,0.08,0.038,0.05,0.047,0.038,0.114,0.048,0.095,0.044
425939104497048,Starostové a nezávislí Mladá Boleslav,21,15,0.714,50,149990,7142,832990,39666,10001,16.3,0,0.057,0.122,0.139,0.124,0.059,0.038,0,0.056,0.131,0.123,0.09,0.035,0.023,0.539,0.457,0,0.113,0.254,0.262,0.213,0.094,0.06,0,0,0,0,0,0,0,0,0,0,0,0,0,0
433052613812240,Markéta Vaňková,21,21,1,85,116040,5526,1282990,61095,100001,9.2,0,0.027,0.108,0.135,0.079,0,0,0,0.058,0.23,0.217,0.093,0,0,0.349,0.598,0,0.085,0.337,0.352,0.172,0,0,0,0,0,0,0,0,0,0,0,0,0.952,0,0,0
100505211433010,Hejtmanka Petra Pecková,20,20,1,211,37490,1874,566990,28350,71751,7.2,0,0,0,0,0,0,0,0,0,0,0,0,0,0,0,0,0,0,0,0,0,0,0,0,0.998,0,0,0,0,0,0,0,0.001,0,0,0,0
102102232631325,"Michael Šebek, kandidát na pražský magistrát",20,16,0.8,53,30490,1524,309990,15500,92501,3.4,0,0,0,0,0,0,0,0,0,0,0,0,0,0,0,0,0,0,0,0,0,0,0,0.999,0,0,0,0,0,0,0,0,0,0,0,0,0
106521452109966,ODS a TOP 09 - SPOLEČNĚ PRO ÚJEZD,20,11,0.55,56,20390,1020,138990,6950,8851,2.9,0,0.165,0.164,0.113,0.063,0.021,0.018,0,0.128,0.142,0.09,0.054,0.018,0.014,0.545,0.446,0,0.294,0.306,0.204,0.117,0.039,0.032,0,0,0,0,0,0,0,0,0,0,0,0,0,0
111599660619960,Denik.cz Promo,20,17,0.85,23,50540,2527,467990,23400,74001,20.4,0,0.018,0.047,0.093,0.114,0.087,0.09,0,0.038,0.102,0.137,0.132,0.073,0.065,0.449,0.546,0,0.056,0.149,0.23,0.246,0.16,0.155,0,0,0,0,0,0,0,0,0,0,0,0,0,0
112928034739894,Klíč k Pardubicím,20,15,0.75,63,31290,1564,322990,16150,97501,6.8,0,0.098,0.1,0.087,0.097,0.073,0.07,0,0.074,0.116,0.1,0.081,0.05,0.046,0.527,0.468,0,0.172,0.217,0.188,0.179,0.124,0.116,0,0,0,0,0,0,0,0,0,0,0,0,0,0
1762819173742389,Piráti Zlín,20,16,0.8,120,94390,4720,389990,19500,17506,2,0,0,0,0,0,0,0,0,0,0,0,0,0,0,0,0,0,0,0,0,0,0,0,0,0,0,0,0,0,0,0,0,0,0,0,0,0.999
1780099722095158,Filip Chvátal,20,16,0.8,127,18290,914,211490,10574,87006,4.9,0,0.025,0.109,0.115,0.064,0.039,0.026,0,0.036,0.187,0.164,0.071,0.033,0.022,0.379,0.514,0,0.061,0.296,0.28,0.136,0.072,0.048,0,0,0,0,0,0,0,0,0,0,0.9,0,0,0
198772920148707,ODS Uherský Brod,20,20,1,65,19990,1000,127990,6400,4651,3.4,0,0,0,0,0,0,0,0,0,0,0,0,0,0,0,0,0,0,0,0,0,0,0,0,0,0,0,0,0,0,0,0,0,0,0,0,0.999
240004189482300,"ANO, máme rádi Olomouc",20,17,0.85,108,29790,1490,256990,12850,42001,4.2,0,0,0.069,0.138,0.133,0.133,0.149,0,0.003,0.039,0.117,0.095,0.056,0.064,0.623,0.374,0,0.003,0.108,0.255,0.228,0.189,0.213,0,0,0,0,0,0,0,0,0,0,0,1,0,0
581395601924343,Jan Čižinský,20,15,0.75,400,290090,14504,2719990,136000,110501,3.4,0,0.031,0.176,0.127,0.057,0.046,0.044,0,0.042,0.21,0.139,0.053,0.033,0.031,0.481,0.508,0,0.073,0.385,0.266,0.11,0.08,0.075,0,0,0,0,0,0,0,0,0,0,0,0,0,0
807238552654066,Michal Pobucký,20,9,0.45,76,19790,990,137990,6900,9751,2.2,0,0,0,0,0,0,0,0,0,0,0,0,0,0,0,0,0,0,0,0,0,0,0,0.001,0,0,0,0,0,0,0,0,0,0,0,0.997,0
111510084946791,Bořek Semrád do Senátu,19,18,0.947,75,30940,1628,469990,24736,46054,5.3,0,0.118,0.146,0.113,0.082,0.039,0.029,0,0.087,0.151,0.115,0.072,0.024,0.02,0.526,0.469,0,0.205,0.297,0.228,0.154,0.062,0.049,0,0,0,0,0,0,0,0,0,0.027,0.973,0,0,0
127176750644239,Jan Horník - senátor,19,19,1,208,26740,1407,399990,21052,87369,17.2,0,0.016,0.037,0.068,0.088,0.105,0.118,0,0.024,0.09,0.135,0.137,0.098,0.079,0.432,0.563,0,0.04,0.127,0.202,0.225,0.203,0.197,0,0,0,0.009,0.862,0.128,0,0,0,0,0,0,0,0
1461492400563385,"Jan Lacina, radní Prahy 6 a poslanec STAN",19,19,1,78,25440,1339,427490,22499,50001,5.8,0,0.138,0.166,0.098,0.057,0.023,0.016,0,0.111,0.188,0.108,0.053,0.019,0.015,0.499,0.493,0,0.248,0.355,0.206,0.11,0.042,0.031,0.999,0.001,0,0,0,0,0,0,0,0,0,0,0,0
157340754277875,ODS Hlučín,19,18,0.947,123,19440,1023,247490,13026,9738,11.5,0,0.106,0.111,0.111,0.092,0.048,0.044,0,0.087,0.129,0.1,0.064,0.028,0.023,0.512,0.43,0,0.193,0.24,0.211,0.155,0.076,0.067,0,0,0,0,0,0,0,0,0,0,0,0,0.947,0
161740163840349,Praha 4 sobě - sousedé a nezávislí,19,7,0.368,152,15840,834,72490,3815,56322,2.2,0,0.06,0.091,0.107,0.094,0.075,0.096,0,0.065,0.107,0.117,0.081,0.05,0.048,0.523,0.467,0,0.125,0.198,0.224,0.175,0.125,0.144,0.988,0.002,0.001,0.001,0,0.001,0.001,0.001,0,0,0.001,0.001,0.001,0
257529307701966,Jiří Pospíšil,19,19,1,135,38140,2007,283490,14921,112369,7.5,0,0,0,0,0,0,0,0,0,0,0,0,0,0,0,0,0,0,0,0,0,0,0,0.538,0.09,0.033,0.038,0.013,0.04,0.02,0.028,0.023,0.021,0.066,0.024,0.044,0.022
380383388762176,ODS Kopřivnice,19,18,0.947,44,35390,1863,370990,19526,100001,23.4,0,0.029,0.06,0.081,0.083,0.079,0.072,0,0.055,0.121,0.131,0.133,0.085,0.066,0.404,0.59,0,0.084,0.18,0.212,0.215,0.163,0.138,0,0,0,0,0,0,0,0,0,0,0,0,0.92,0.08
532219183564760,Stanislav Polčák,19,5,0.263,19,20640,1086,198490,10447,354369,14.4,0,0.109,0.106,0.044,0.032,0.027,0.028,0,0.083,0.11,0.099,0.088,0.057,0.051,0.347,0.488,0,0.192,0.216,0.143,0.12,0.083,0.079,0.169,0.083,0.046,0.042,0.019,0.056,0.034,0.043,0.042,0.037,0.106,0.045,0.074,0.044
810056782516469,Patrik Nacher,19,16,0.842,14,122240,6434,1104990,58157,67422,11.1,0,0.007,0.035,0.052,0.072,0.095,0.169,0,0.024,0.113,0.124,0.109,0.085,0.11,0.429,0.566,0,0.031,0.148,0.176,0.181,0.181,0.279,0,0,0,0,0,0,0,0,0,0,0,0,0,0
100201482753387,Ole.Ostravská levice,18,17,0.944,96,16391,911,150991,8388,630001,3.9,0,0,0.129,0.05,0.064,0.101,0.152,0,0,0.067,0.075,0.109,0.094,0.1,0.496,0.445,0,0,0.196,0.125,0.172,0.195,0.252,0.047,0.05,0.029,0.031,0.022,0.055,0.027,0.026,0.026,0.021,0.057,0.032,0.494,0.027
100590722629554,Radomír Pavlíček,18,16,0.889,76,44041,2447,233491,12972,20223,6.8,0,0.039,0.084,0.12,0.12,0.081,0.075,0,0.048,0.107,0.122,0.104,0.049,0.045,0.518,0.476,0,0.087,0.191,0.242,0.225,0.13,0.119,0,0,0,0,0,0,0,0,0,0.044,0.955,0,0,0
100762509383079,Havířov Sobě,18,18,1,43,13191,733,112991,6277,122223,2.9,0,0.074,0.088,0.091,0.096,0.093,0.078,0,0.044,0.099,0.102,0.079,0.055,0.042,0.52,0.421,0,0.118,0.187,0.193,0.175,0.149,0.12,0,0,0,0,0,0,0,0,0,0,0,0,0.935,0.001
106420985474553,Václav Ranc - politik,18,18,1,55,29541,1641,325991,18111,45557,4.4,0,0,0,0,0,0,0,0,0,0,0,0,0,0,0,0,0,0,0,0,0,0,0,0,0,0,0,0,0,0,0,0,0,0,1,0,0
106639875406048,Irena Maříková • kandidátka na starostku Prahy 6,18,17,0.944,58,19791,1100,143991,8000,455557,4.1,0,0.026,0.047,0.057,0.071,0.076,0.09,0,0.042,0.14,0.156,0.132,0.089,0.067,0.368,0.626,0,0.069,0.187,0.213,0.204,0.165,0.158,1,0,0,0,0,0,0,0,0,0,0,0,0,0
111422128310978,Ing. Jaromír Strnad,18,16,0.889,84,47341,2630,254991,14166,79445,4.7,0,0.039,0.093,0.111,0.113,0.076,0.062,0,0.054,0.14,0.127,0.096,0.048,0.038,0.494,0.503,0,0.093,0.233,0.238,0.209,0.124,0.099,0,0,0,0,0,0,0,0,0,0,0,0,0,0
2130350606976424,Nová Vlna,18,18,1,243,28491,1583,244491,13583,93890,16.9,0,0.039,0.095,0.115,0.105,0.065,0.05,0,0.056,0.134,0.121,0.085,0.041,0.034,0.469,0.472,0,0.096,0.229,0.236,0.191,0.106,0.084,0.042,0.9,0,0,0,0.003,0,0,0,0,0,0,0,0
440782776395359,Hradišťáci,18,17,0.944,194,35641,1980,350491,19472,10001,6.3,0,0.052,0.07,0.097,0.118,0.109,0.099,0,0.058,0.098,0.104,0.082,0.056,0.051,0.546,0.448,0,0.109,0.168,0.202,0.2,0.165,0.151,0,0,0,0,0,0,0,0,0,0,0,0,0,0
844159169114817,Starostové pro Jablonec,18,15,0.833,106,21091,1172,187991,10444,15001,7.7,0,0,0,0,0,0,0,0,0,0,0,0,0,0,0,0,0,0,0,0,0,0,0,0,0,0,0,0,0,0,0,0,0,0,0,0,0
101409722546949,Ivana Váňová,17,17,1,125,20442,1202,362492,21323,102354,4.9,0,0.094,0.127,0.107,0.084,0.045,0.029,0,0.085,0.164,0.129,0.08,0.03,0.022,0.485,0.509,0,0.179,0.291,0.236,0.165,0.074,0.05,0,0,0,0,0,0,0,0,0,0,0,0.026,0.893,0.082
106880300912112,František Pilný,17,10,0.588,199,20292,1194,78492,4617,9413,1.8,0,0.058,0.114,0.114,0.1,0.055,0.041,0,0.049,0.121,0.095,0.073,0.036,0.024,0.481,0.398,0,0.107,0.235,0.209,0.173,0.091,0.064,0.002,0.001,0,0,0,0,0,0,0.869,0,0.002,0.002,0.004,0.001
110126994551913,PRAHA 5 SOBĚ,17,14,0.824,205,37892,2229,288492,16970,61242,4.8,0.001,0.057,0.101,0.119,0.091,0.066,0.072,0.001,0.049,0.106,0.113,0.075,0.039,0.039,0.507,0.422,0.003,0.105,0.206,0.232,0.166,0.105,0.111,0.933,0.003,0.001,0,0,0.001,0,0,0,0,0.001,0,0,0
1956144064659620,BlueTV,17,15,0.882,46,67392,3964,873492,51382,894119,3.4,0,0.003,0.02,0.067,0.145,0.113,0,0,0.012,0.076,0.192,0.249,0.121,0,0.349,0.649,0,0.015,0.096,0.258,0.394,0.234,0,0.202,0.086,0.051,0.052,0.03,0.086,0.042,0.047,0.045,0.041,0.101,0.055,0.113,0.049
685477031486405,Volba pro Teplice,17,13,0.765,54,20692,1217,193492,11382,24236,3.2,0,0,0,0,0,0,0,0,0,0,0,0,0,0,0,0,0,0,0,0,0,0,0,0,0,0,0,0,0,0,0,0,0,0,0,0,0
104199048977856,Praha 13 Bez Chaosu,16,11,0.688,13,35542,2221,244492,15281,781876,5.9,0,0.04,0.079,0.057,0.069,0.075,0.089,0,0.069,0.162,0.125,0.103,0.065,0.06,0.409,0.583,0,0.108,0.24,0.182,0.172,0.14,0.15,0.756,0.231,0,0.001,0,0.011,0,0,0,0,0,0,0,0
105738514806343,Ondřej Gros,16,13,0.812,34,34492,2156,204992,12812,1000001,9.4,0,0.012,0.023,0.046,0.073,0.099,0.163,0,0.041,0.091,0.114,0.128,0.095,0.108,0.416,0.577,0,0.053,0.114,0.16,0.201,0.194,0.271,0.468,0.473,0,0.002,0,0.056,0.001,0,0,0,0,0,0,0
109422221916456,"Ing. Rudolf Daniel - stavební inženýr, podnikatel, komunální politik",16,11,0.688,81,69592,4350,293992,18374,71001,1.9,0.001,0.062,0.123,0.112,0.095,0.06,0.044,0.001,0.066,0.165,0.124,0.077,0.039,0.027,0.496,0.499,0.002,0.128,0.288,0.236,0.173,0.098,0.07,0,0,0,0,0,0,0,0,0,0,0,0,0.001,0.998
110757834995759,Lukáš Pilc - starosta,16,16,1,38,74492,4656,410992,25687,5001,16.2,0,0.083,0.134,0.143,0.113,0.038,0.027,0,0.079,0.128,0.117,0.091,0.026,0.016,0.537,0.457,0,0.162,0.262,0.26,0.203,0.064,0.043,0,0.991,0,0,0,0,0,0,0,0,0.001,0.001,0.001,0
140406832679685,Libor Michálek,16,8,0.5,32,65292,4081,978492,61156,681251,4.9,0,0,0,0,0,0,0,0,0,0,0,0,0,0,0,0,0,0,0,0,0,0,0,0.373,0.048,0.028,0.026,0.016,0.049,0.021,0.023,0.021,0.018,0.046,0.024,0.283,0.02
157741540937883,CARE Česká republika,16,7,0.438,28,141642,8853,1553492,97093,752501,12.4,0,0.132,0.082,0.037,0.051,0.14,0.294,0,0.049,0.035,0.021,0.029,0.049,0.076,0.735,0.26,0,0.181,0.117,0.058,0.08,0.189,0.37,0.139,0.103,0.054,0.055,0.032,0.093,0.043,0.054,0.049,0.042,0.11,0.058,0.116,0.051
210778132327279,Prima,16,16,1,34,122292,7643,2753492,172093,656251,8.2,0,0,0,0,0,0,0,0,0,0,0,0,0,0,0,0,0,0,0,0,0,0,0,0,0,0,0,0,0,0,0,0,0,0,0,0,0
250414742249089,Piráti Dvůr Králové nad Labem,16,12,0.75,19,15792,987,97992,6124,63438,3.6,0,0.06,0.142,0.149,0.098,0.004,0.009,0,0.065,0.182,0.165,0.103,0.009,0.011,0.462,0.534,0,0.124,0.324,0.314,0.202,0.013,0.02,0.003,0.005,0.004,0.003,0.002,0.007,0.004,0.942,0.003,0.004,0.007,0.004,0.008,0.004
278212515809,Kancelář Evropského parlamentu,16,14,0.875,49,55492,3468,1154492,72156,731876,7.4,0.022,0.291,0.165,0.044,0.019,0.002,0.001,0.021,0.174,0.113,0.084,0.036,0.003,0.001,0.544,0.432,0.043,0.466,0.278,0.128,0.055,0.005,0.001,0.226,0.096,0.049,0.051,0.029,0.066,0.035,0.044,0.041,0.037,0.14,0.05,0.085,0.05
286541528171247,Lukáš Hanes,16,13,0.812,57,33292,2081,312492,19531,17501,3.3,0,0.047,0.091,0.115,0.11,0.065,0.052,0,0.063,0.147,0.139,0.095,0.044,0.029,0.48,0.517,0,0.11,0.238,0.254,0.204,0.109,0.081,0,0,0,0,0,0,0,0,0,0,0,0,0,0
333115293529864,Piráti Turnov,16,13,0.812,20,22792,1424,86992,5437,6814,2.8,0,0.095,0.193,0.095,0.077,0.044,0.028,0,0.093,0.188,0.087,0.05,0.026,0.02,0.531,0.464,0,0.188,0.38,0.182,0.127,0.069,0.048,0,0,0,0,0,0,0.998,0,0,0,0,0,0,0
527708290604742,Alexander Bellu,16,16,1,83,19392,1212,103992,6500,10001,4.3,0,0.046,0.082,0.066,0.056,0.036,0.034,0,0.077,0.207,0.127,0.078,0.032,0.027,0.319,0.547,0,0.123,0.289,0.193,0.133,0.067,0.06,0.874,0,0,0,0,0,0,0,0,0,0,0,0,0
953618527988607,MUDr. Vladimír Ninger,16,13,0.812,51,25392,1587,254492,15906,237501,10.6,0,0.091,0.06,0.062,0.111,0.13,0.168,0,0.039,0.034,0.05,0.077,0.079,0.095,0.622,0.373,0,0.13,0.094,0.112,0.187,0.209,0.263,0.034,0.048,0,0,0,0,0.011,0.05,0.825,0.026,0.002,0.004,0,0
100596859402347,Lucie Pluhařová,15,7,0.467,49,50092,3339,293992,19599,50001,3.9,0,0.164,0.127,0.101,0.077,0.049,0.028,0,0.13,0.13,0.085,0.062,0.021,0.019,0.545,0.448,0,0.295,0.257,0.185,0.138,0.07,0.047,0.001,0,0,0,0,0,0,0,0,0,0.005,0.057,0.001,0.932
100635512156963,"Český královský institut, z.ú.",15,10,0.667,75,33892,2259,462992,30866,723334,4.6,0,0,0,0,0,0,0,0,0,0,0,0,0,0,0,0,0,0,0,0,0,0,0,0.099,0.06,0.034,0.034,0.018,0.052,0.027,0.031,0.028,0.028,0.19,0.241,0.104,0.05
299124538476,Zachraňme lesy,15,5,0.333,19,26042,1736,344992,22999,86668,14.2,0,0.153,0.238,0.103,0.065,0.059,0.068,0,0.062,0.094,0.056,0.035,0.024,0.033,0.687,0.304,0,0.215,0.332,0.159,0.1,0.083,0.101,0.21,0.092,0.052,0.043,0.018,0.054,0.034,0.045,0.047,0.045,0.158,0.06,0.093,0.048
39371299263,Zelení - Strana zelených,15,8,0.533,101,29192,1946,299992,19999,436668,2.4,0,0,0,0,0,0,0,0,0,0,0,0,0,0,0,0,0,0,0,0,0,0,0,0.244,0.083,0.037,0.039,0.017,0.05,0.028,0.033,0.029,0.025,0.155,0.036,0.06,0.032
441954716206226,Piráti Praha 10,15,11,0.733,95,25842,1723,187492,12499,59401,4.6,0,0.011,0.144,0.208,0.051,0.012,0.009,0,0.042,0.2,0.214,0.079,0.015,0.009,0.435,0.559,0,0.053,0.344,0.422,0.13,0.026,0.018,0.985,0.002,0.002,0.001,0.001,0.001,0.001,0.001,0.001,0.001,0.001,0.001,0.002,0.001
447167062064041,Vladimíra Ludková,15,12,0.8,51,28142,1876,174492,11633,1000001,8.2,0,0,0,0,0,0,0,0,0,0,0,0,0,0,0,0,0,0,0,0,0,0,0,0.479,0.462,0,0.002,0,0.055,0.001,0,0,0,0,0,0,0
643597159010163,PRO Ústí,15,6,0.4,34,33792,2253,375992,25066,53334,9.3,0,0.108,0.096,0.081,0.084,0.057,0.058,0,0.094,0.142,0.113,0.087,0.04,0.034,0.484,0.51,0,0.201,0.238,0.195,0.171,0.098,0.092,0,0.007,0,0,0,0.965,0.027,0,0,0,0,0,0,0
101116689407910,Radnice pro občany,14,10,0.714,26,31743,2267,223993,16000,100001,2.4,0,0.098,0.095,0.076,0.082,0.067,0.08,0,0.076,0.122,0.103,0.086,0.058,0.047,0.498,0.493,0,0.174,0.217,0.179,0.169,0.125,0.127,1,0,0,0,0,0,0,0,0,0,0,0,0,0
103052209160853,Klidné Klánovice 22 • KLIK 22,14,11,0.786,77,31493,2250,141993,10142,1001,11.6,0,0.1,0.127,0.123,0.115,0.042,0.038,0,0.094,0.114,0.085,0.088,0.034,0.031,0.544,0.446,0,0.193,0.241,0.208,0.203,0.076,0.068,0.996,0,0,0,0,0,0,0,0,0,0.001,0,0,0
104856472333587,"Kateřina Arnotová, zastupitelka HMP",14,10,0.714,41,29843,2132,359493,25678,157858,3.9,0,0.06,0.117,0.136,0.111,0.032,0.028,0,0.104,0.171,0.106,0.076,0.031,0.024,0.485,0.511,0,0.163,0.288,0.243,0.186,0.063,0.052,0.999,0.001,0,0,0,0,0,0,0,0,0,0,0,0
106359037468260,Jiří Bláha,14,10,0.714,52,17093,1221,407993,29142,50722,5.2,0,0.143,0.122,0.083,0.059,0.03,0.022,0,0.119,0.179,0.123,0.071,0.024,0.021,0.459,0.536,0,0.262,0.301,0.206,0.13,0.054,0.043,0,0.01,0,0,0,0,0,0.968,0.021,0,0,0,0,0
110697211673435,Rozhýbejme Zlín,14,14,1,144,22793,1628,100993,7214,53572,2.6,0,0.033,0.059,0.11,0.135,0.09,0.093,0,0.046,0.089,0.11,0.11,0.062,0.056,0.521,0.473,0,0.08,0.148,0.22,0.244,0.152,0.149,0,0,0,0,0,0,0,0,0,0,0.002,0.006,0,0.991
1509319325948797,Mladí a Neklidní Břeclav,14,13,0.929,92,17693,1264,162493,11607,8651,7.6,0,0.038,0.137,0.162,0.121,0.066,0.058,0,0.042,0.118,0.124,0.078,0.027,0.024,0.582,0.413,0,0.08,0.255,0.286,0.199,0.092,0.082,0,0,0,0,0,0,0,0,0,0,0.999,0,0,0
354488368019601,Petr Holeček,14,14,1,69,43993,3142,418493,29892,12144,7.4,0,0.038,0.087,0.135,0.14,0.084,0,0,0.053,0.126,0.146,0.124,0.062,0,0.484,0.512,0,0.091,0.213,0.282,0.264,0.146,0,0,0.999,0,0,0,0.001,0,0,0,0,0,0,0,0
535611136555786,"ANO, tohle je Krnov",14,14,1,89,17543,1253,82993,5928,10001,2.7,0.002,0.051,0.092,0.107,0.134,0.094,0.088,0.002,0.04,0.112,0.115,0.087,0.037,0.032,0.568,0.425,0.004,0.091,0.204,0.222,0.221,0.131,0.12,0,0,0,0,0,0,0,0,0,0,0,0,0,0
108954235169892,Jiří Strachota • Svobodní,13,8,0.615,73,13144,1011,136494,10500,8539,2.3,0,0.007,0.041,0.203,0.168,0.043,0.024,0,0.008,0.054,0.24,0.164,0.029,0.017,0.485,0.511,0,0.014,0.095,0.443,0.332,0.072,0.041,0,0.805,0,0,0,0,0,0,0.062,0.131,0,0,0,0
166738586813797,Břetislav Štefan,13,13,1,49,29944,2303,139494,10730,9232,6.2,0,0.083,0.141,0.129,0.081,0.053,0.043,0.001,0.081,0.144,0.119,0.063,0.029,0.027,0.53,0.464,0.001,0.163,0.285,0.248,0.144,0.083,0.07,0,0,0,0,0,0,0,0,0,0,0.997,0,0,0
2124224927811608,DKoalice,13,13,1,69,15544,1196,102494,7884,5001,1.8,0,0.092,0.126,0.118,0.11,0.053,0.047,0,0.078,0.128,0.099,0.082,0.033,0.029,0.546,0.45,0,0.17,0.254,0.217,0.191,0.086,0.076,0,0,0,0,0,0,0,0,0,0,0,0,0,0
860262404003701,Praha 6 jste VY,13,12,0.923,79,25744,1980,437494,33653,50001,10,0,0.147,0.173,0.094,0.052,0.021,0.015,0,0.121,0.191,0.101,0.048,0.016,0.013,0.501,0.49,0,0.268,0.364,0.195,0.1,0.037,0.028,0.999,0.001,0,0,0,0,0,0,0,0,0,0,0,0
101703942538470,René Černý - 1. náměstek primátorky města Brna,12,11,0.917,74,37294,3108,377494,31458,57501,6,0,0.008,0.047,0.111,0.09,0.071,0.076,0,0.015,0.112,0.185,0.139,0.074,0.066,0.403,0.592,0,0.023,0.159,0.296,0.229,0.145,0.143,0,0,0,0,0,0,0,0,0,0,0.999,0,0,0
1993685137318931,ODS Jesenice,12,11,0.917,69,13594,1133,46994,3916,1001,3.9,0,0.118,0.136,0.148,0.106,0.032,0.024,0,0.101,0.1,0.105,0.079,0.025,0.016,0.565,0.426,0,0.219,0.236,0.253,0.185,0.057,0.04,0.004,0.962,0.002,0,0,0.001,0,0,0.001,0.001,0.007,0.004,0.007,0.003
250416201814002,STAN - ZLÍN,12,4,0.333,54,23094,1924,183494,15291,5034,10.9,0,0,0,0,0,0,0,0,0,0,0,0,0,0,0,0,0,0,0,0,0,0,0,0.003,0.002,0.001,0.001,0,0.002,0,0.001,0,0,0.002,0.001,0.001,0.925
840906766014124,Jana Mračková Vildumetzová,12,7,0.583,38,30094,2508,250994,20916,72501,2.6,0,0.03,0.056,0.082,0.109,0.112,0.138,0,0.034,0.08,0.098,0.107,0.073,0.078,0.526,0.47,0,0.064,0.136,0.18,0.215,0.185,0.216,0.008,0.008,0.004,0.005,0.906,0.023,0.004,0.004,0.004,0.003,0.009,0.005,0.012,0.004
103230895536110,Martin Maleček - Volba pro kraj - VOK,11,6,0.545,27,20844,1895,210494,19136,20910,4.7,0,0,0,0,0,0,0,0,0,0,0,0,0,0,0,0,0,0,0,0,0,0,0,0,0,0,0.004,0.978,0.017,0,0,0,0,0,0,0,0
104818162305682,Marta do Senátu,11,10,0.909,85,47744,4340,342994,31181,9546,6.9,0,0,0,0,0,0,0,0,0,0,0,0,0,0,0,0,0,0,0,0,0,0,0,0,0.384,0,0,0,0,0.012,0.596,0.002,0,0.001,0.001,0.001,0.001
106149624597497,Manifest.cz,11,8,0.727,91,58144,5286,377994,34363,590910,3.6,0,0.009,0.034,0.065,0.089,0.063,0.07,0,0.042,0.147,0.196,0.167,0.067,0.044,0.329,0.663,0,0.051,0.181,0.26,0.256,0.13,0.114,0,0,0,0,0,0,0,0,0,0,0,0,0,0
109978591822444,Lepší Řeporyje,11,8,0.727,91,12444,1131,71494,6499,10001,4.4,0,0.036,0.092,0.109,0.101,0.066,0.046,0,0.038,0.125,0.126,0.088,0.044,0.032,0.449,0.454,0,0.074,0.217,0.235,0.189,0.11,0.078,0,0,0,0,0,0,0,0,0,0,0,0,0,0
130631260290858,Piráti Středočeský kraj,11,10,0.909,94,48894,4445,382494,34772,140001,5.8,0,0.042,0.124,0.124,0.089,0.031,0.034,0,0.079,0.177,0.157,0.107,0.017,0.013,0.444,0.552,0,0.121,0.301,0.281,0.197,0.048,0.048,0.041,0.927,0,0,0,0,0.008,0.024,0,0,0,0,0,0
130930366952714,Volba Pro Kladno,11,10,0.909,80,54694,4972,503994,45818,156456,3.4,0,0.141,0.093,0.08,0.093,0.071,0.073,0,0.081,0.099,0.09,0.082,0.051,0.042,0.549,0.444,0,0.221,0.191,0.17,0.174,0.122,0.114,0.133,0.808,0.005,0.005,0.002,0.007,0.004,0.004,0.004,0.003,0.009,0.004,0.008,0.004
202143107264802,ODS Hostivice,11,8,0.727,24,13344,1213,40494,3681,26365,6.6,0,0.042,0.115,0.15,0.109,0.061,0.05,0,0.051,0.116,0.131,0.092,0.048,0.03,0.526,0.467,0,0.093,0.231,0.281,0.2,0.109,0.079,0,0,0,0,0,0,0,0,0,0,0,0,0,0
102260195757507,My jsme Přísaha Královéhradecký kraj,10,8,0.8,110,30845,3084,261995,26200,33501,3.7,0,0.058,0.105,0.108,0.104,0.077,0.077,0,0.063,0.124,0.11,0.082,0.045,0.043,0.53,0.467,0,0.121,0.229,0.218,0.187,0.122,0.12,0,0,0,0,0,0,0,0.998,0,0,0,0,0,0
1084105408450168,KDU - ČSL místní organizace K. Vary,10,8,0.8,179,24345,2434,106995,10700,10001,4.1,0,0.028,0.062,0.08,0.092,0.078,0.087,0,0.042,0.102,0.108,0.102,0.061,0.052,0.427,0.468,0,0.07,0.163,0.188,0.194,0.14,0.139,0,0,0,0,0,0,0,0,0,0,0,0,0,0
109424685781318,Nezávislí Berouňáci,10,10,1,59,102445,10244,647495,64750,20001,9.6,0,0.062,0.111,0.153,0.124,0.07,0.047,0,0.052,0.107,0.111,0.086,0.036,0.032,0.568,0.425,0.001,0.115,0.218,0.264,0.211,0.106,0.079,0.011,0.986,0,0,0,0,0,0,0,0,0,0,0.001,0
111682208380795,Studie aktivního občanství a osobní pohody mladých dospělých ,10,2,0.2,69,21495,2150,401995,40200,1000001,3.6,0,0.315,0.193,0,0,0,0,0,0.248,0.23,0,0,0,0,0.508,0.478,0,0.563,0.422,0,0,0,0,0.116,0.079,0.072,0.059,0.024,0.087,0.041,0.046,0.056,0.051,0.157,0.065,0.1,0.047
1477535869227488,Vít Rakušan,10,8,0.8,152,59745,5974,464995,46500,132111,2.1,0,0.084,0.102,0.105,0.092,0.006,0,0,0.137,0.212,0.155,0.094,0.006,0,0.389,0.605,0,0.221,0.314,0.26,0.186,0.012,0,0.252,0.148,0.049,0.043,0.022,0.06,0.038,0.05,0.042,0.042,0.111,0.039,0.063,0.039
199712473541525,Drago Sukalovský,10,7,0.7,42,60245,6024,485995,48600,17501,7.2,0,0.098,0.122,0.119,0.082,0.033,0.02,0,0.088,0.164,0.143,0.088,0.024,0.014,0.474,0.521,0,0.186,0.286,0.261,0.17,0.057,0.034,0,0,0.001,0,0,0,0,0,0,0,0.996,0,0,0
367656464950,TOP 09 - Praha 10,10,8,0.8,104,15595,1560,239495,23950,67001,7,0,0.039,0.123,0.095,0.058,0.043,0.042,0,0.064,0.2,0.15,0.094,0.052,0.035,0.4,0.594,0,0.103,0.324,0.244,0.152,0.095,0.077,0.852,0.034,0.008,0.011,0.006,0.022,0.007,0.008,0.008,0.005,0.014,0.006,0.015,0.004
678632908895748,Žít v Trutnově,10,9,0.9,163,12895,1290,74995,7500,280001,8.8,0,0,0,0,0,0,0,0,0,0,0,0,0,0,0,0,0,0,0,0,0,0,0,0.028,0.027,0.015,0.017,0.005,0.017,0.131,0.668,0.016,0.008,0.024,0.012,0.02,0.01
107877361933000,Marek Slabý - senátor,9,9,1,62,19596,2177,237996,26444,52334,3.6,0,0.059,0.078,0.096,0.093,0.067,0.065,0,0.076,0.13,0.126,0.103,0.055,0.046,0.458,0.537,0,0.135,0.209,0.222,0.195,0.123,0.111,0,0.214,0.721,0,0,0,0,0,0,0.065,0,0,0,0
116132993885,Maminka.cz,9,9,1,112,15046,1672,217496,24166,727779,27.6,0,0,0,0,0,0,0,0,0,0,0,0,0,0,0,0,0,0,0,0,0,0,0,0,0,0,0,0,0,0,0,0,0,0,0,0,0
1758963624352554,Jitka Volfová,9,9,1,344,19246,2138,175496,19500,10001,4.7,0,0.056,0.102,0.124,0.12,0.08,0.058,0,0.049,0.114,0.121,0.093,0.045,0.035,0.539,0.457,0,0.105,0.216,0.245,0.213,0.125,0.092,0,0,0,0,0,0,1,0,0,0,0,0,0,0
43855944703,Svobodní,9,5,0.556,75,24246,2694,324996,36111,500001,1.8,0,0.053,0.151,0.112,0.069,0.032,0.023,0,0.061,0.205,0.155,0.085,0.03,0.02,0.438,0.556,0,0.114,0.355,0.266,0.153,0.062,0.043,1,0,0,0,0,0,0,0,0,0,0,0,0,0
517999545027893,IKDP,9,9,1,82,18496,2055,124996,13888,216668,5,0,0.045,0.045,0.03,0.031,0.075,0.209,0,0.079,0.092,0.069,0.062,0.095,0.161,0.436,0.558,0,0.124,0.137,0.1,0.094,0.17,0.37,0.235,0.057,0.029,0.032,0.019,0.054,0.026,0.03,0.029,0.026,0.314,0.041,0.077,0.031
764875520231706,Jaroslav Filip,9,8,0.889,59,17546,1950,177496,19722,36112,2.7,0,0.088,0.14,0.101,0.069,0.039,0.042,0,0.091,0.169,0.117,0.074,0.032,0.033,0.478,0.517,0,0.179,0.309,0.218,0.143,0.072,0.075,0,0,0,0,0,0,0,0.999,0,0,0,0,0,0
100513202557464,"Petr Maule, kandidát do zastupitelstva Plzeň 4",8,6,0.75,8,26546,3318,172996,21624,158751,4.2,0,0.042,0.083,0.097,0.111,0.085,0.075,0,0.054,0.133,0.124,0.098,0.054,0.038,0.494,0.502,0,0.096,0.216,0.221,0.21,0.138,0.114,0,0,0,0,0,0,0,0,0,0,0,0,0,0
101165969314076,Třebíč sociálně demokratická,8,4,0.5,7,16746,2093,249996,31250,10001,5.8,0,0.07,0.09,0.102,0.104,0.062,0.043,0,0.089,0.097,0.084,0.073,0.033,0.025,0.471,0.402,0,0.16,0.187,0.187,0.177,0.094,0.068,0,0,0,0,0,0,0,0,0,0.874,0,0,0,0
112314781587199,BenešovSPOLU,8,7,0.875,114,22390,2799,162996,20374,20626,2.6,0,0.045,0.099,0.114,0.108,0.064,0.072,0,0.061,0.117,0.121,0.097,0.052,0.047,0.501,0.495,0,0.106,0.216,0.234,0.205,0.116,0.119,0.039,0.958,0.002,0,0,0,0,0,0,0,0,0,0,0
1867697280133161,Pirátská strana - Havlíčkův Brod,8,8,1,146,25146,3143,157496,19687,8876,9.8,0,0.117,0.134,0.116,0.087,0.038,0.018,0,0.116,0.154,0.112,0.065,0.028,0.01,0.509,0.484,0,0.232,0.288,0.228,0.152,0.066,0.028,0,0,0,0,0,0,0,0,0,0,0,0,0,0
216286472478557,Ústí Žije,8,8,1,80,13596,1700,284996,35624,56251,5.6,0,0.108,0.112,0.082,0.063,0.029,0.021,0,0.126,0.184,0.133,0.084,0.03,0.022,0.415,0.58,0,0.234,0.296,0.215,0.148,0.059,0.043,0,0,0,0,0,0,0,0.082,0.901,0.001,0.001,0.015,0,0
40155481542,ROMEA,8,7,0.875,95,23396,2924,255996,32000,500001,3.1,0,0,0,0,0,0,0,0,0,0,0,0,0,0,0,0,0,0,0,0,0,0,0,0.184,0.097,0.045,0.052,0.039,0.13,0.047,0.043,0.039,0.027,0.092,0.046,0.113,0.031
109133948378302,Pro Žabiny,7,4,0.571,13,24296,3471,129996,18571,10001,14.9,0,0.085,0.149,0.117,0.086,0.036,0.035,0.001,0.079,0.172,0.114,0.069,0.026,0.023,0.508,0.484,0.001,0.164,0.322,0.23,0.155,0.062,0.059,0,0,0,0,0,0,0,0,0,0,0.994,0.001,0.001,0.001
111112605027103,"Dana Kracíková - Neslibuji, řeším",7,6,0.857,394,101746,14535,832496,118928,100001,6.3,0,0.05,0.097,0.108,0.109,0.077,0.075,0,0.064,0.125,0.112,0.088,0.048,0.042,0.518,0.479,0,0.114,0.222,0.221,0.197,0.125,0.117,0.019,0.513,0,0,0,0,0.141,0.319,0.004,0,0,0,0,0
111902728302098,Luděk Jeništa,7,3,0.429,9,18596,2657,379996,54285,100001,2.7,0,0.186,0.124,0.085,0.064,0.032,0.02,0,0.126,0.147,0.107,0.066,0.023,0.015,0.51,0.483,0,0.311,0.271,0.192,0.13,0.055,0.035,0.001,0.546,0,0,0,0,0,0.047,0.305,0.101,0,0,0,0
120343698070515,Liberální institut,7,2,0.286,29,109796,15685,1457996,208285,1000001,19.6,0,0.06,0.063,0.03,0.063,0.092,0.116,0,0.061,0.13,0.092,0.117,0.093,0.079,0.424,0.572,0,0.122,0.193,0.122,0.181,0.185,0.194,0.121,0.101,0.052,0.055,0.028,0.091,0.042,0.052,0.046,0.042,0.126,0.058,0.12,0.055
1737035843238717,Seznam Zprávy,7,7,1,46,22246,3178,337496,48214,528572,7.6,0,0.019,0.047,0.057,0.074,0.061,0.016,0,0.098,0.211,0.177,0.147,0.075,0.01,0.274,0.718,0,0.117,0.258,0.233,0.222,0.136,0.027,0.383,0.132,0.032,0.03,0.014,0.042,0.024,0.029,0.027,0.025,0.139,0.033,0.06,0.03
395865150532353,PRO Chomutov,7,7,1,30,26396,3771,211996,30285,10001,4.9,0,0.033,0.081,0.119,0.131,0.096,0.069,0,0.038,0.111,0.122,0.102,0.055,0.037,0.53,0.465,0,0.072,0.192,0.241,0.233,0.151,0.106,0,0,0,0,0,1,0,0,0,0,0,0,0,0
415472211798220,Prague Pride,7,5,0.714,110,17096,2442,126996,18142,300029,8.6,0,0.056,0.278,0.134,0.047,0.01,0.018,0,0.024,0.114,0.097,0.042,0.011,0.014,0.542,0.302,0,0.08,0.392,0.231,0.089,0.021,0.032,0,0,0,0,0,0,0,0,0,0,0,0,0,0
545254525495201,Pravý břeh - Institut Petra Fialy,7,7,1,84,16296,2328,399996,57142,57144,9.4,0,0.203,0.177,0.042,0.02,0.007,0.006,0,0.179,0.236,0.071,0.029,0.013,0.01,0.456,0.538,0,0.382,0.412,0.114,0.049,0.02,0.016,0,0,0,0,0,0,0,0,0,0,0,0,0,0
104240328634520,Jaroslav Bašta - SPD,6,6,1,60,1897,316,50997,8500,833334,1.7,0,0.007,0.011,0.023,0.058,0.096,0.132,0,0.026,0.079,0.138,0.176,0.136,0.115,0.326,0.671,0,0.034,0.09,0.16,0.233,0.232,0.246,0.208,0.08,0.028,0.028,0.017,0.054,0.025,0.089,0.095,0.036,0.098,0.083,0.069,0.09
104769529011205,Martina Motshagen,6,6,1,44,15547,2591,126497,21083,100001,3,0,0.06,0.064,0.082,0.126,0.095,0.106,0,0.05,0.094,0.098,0.104,0.058,0.058,0.533,0.462,0,0.11,0.158,0.181,0.229,0.154,0.164,0,0.008,0,0,0,0,0.99,0,0,0,0,0,0,0
106504292172552,PRAHA 3 SOBĚ,6,3,0.5,162,16497,2750,49997,8333,10001,2,0,0,0,0,0,0,0,0,0,0,0,0,0,0,0,0,0,0,0,0,0,0,0,0.987,0,0,0,0,0,0,0,0,0,0.002,0.002,0.003,0.001
118636354851151,ODS Pardubice - oblastní sdružení,6,5,0.833,18,15047,2508,105997,17666,6851,2,0,0.048,0.097,0.106,0.1,0.068,0.059,0,0.062,0.149,0.124,0.09,0.051,0.042,0.479,0.517,0,0.11,0.246,0.23,0.191,0.119,0.101,0,0,0,0,0,0,0,0,0,0,0,0,0,0
131404269206,Asistence,6,5,0.833,98,20797,3466,639997,106666,916668,18.2,0,0,0,0,0,0,0,0,0,0,0,0,0,0,0,0,0,0,0,0,0,0,0,0.152,0.104,0.058,0.054,0.027,0.077,0.043,0.056,0.051,0.049,0.118,0.061,0.098,0.05
137302382974726,The Ticket West Michigan,6,1,0.167,0,2853,476,222497,37083,1000001,5.3,0,0,0,0,0,0,0,0,0,0,0,0,0,0,0,0,0,0,0,0,0,0,0,0.103,0.106,0.059,0.059,0.036,0.116,0.048,0.056,0.05,0.04,0.094,0.057,0.129,0.044
2257150737847680,Advokátní kancelář PETRÁŠ REZEK,6,4,0.667,69,27947,4658,328497,54750,83351,12.5,0,0.004,0.061,0.098,0.104,0.113,0.159,0,0.005,0.099,0.114,0.086,0.066,0.084,0.539,0.454,0,0.01,0.16,0.211,0.19,0.18,0.243,0.122,0.161,0,0,0,0.007,0,0,0,0,0.226,0.026,0.004,0.454
101428696017124,Robin Mikušiak - kverulant zastupitel,5,5,1,42,14248,2850,112998,22600,10001,8.2,0,0.028,0.096,0.126,0.112,0.069,0.04,0,0.039,0.14,0.157,0.106,0.046,0.038,0.471,0.525,0,0.066,0.235,0.283,0.218,0.116,0.077,0,0,0,0,0,0,0,0,0,0,0,0,0,0
104231245492136,Karel Diviš,5,3,0.6,15,5848,1170,132498,26500,700001,3.4,0,0,0,0,0,0,0,0,0,0,0,0,0,0,0,0,0,0,0,0,0,0,0,0.145,0.123,0.06,0.056,0.029,0.093,0.043,0.051,0.046,0.044,0.105,0.053,0.104,0.047
107865642022586,Jan Ungerman - Občané Patrioti,5,5,1,170,17748,3550,97498,19500,5001,4.4,0,0.048,0.127,0.136,0.125,0.065,0.048,0,0.045,0.124,0.109,0.09,0.045,0.03,0.55,0.443,0,0.094,0.252,0.245,0.215,0.11,0.078,0,0,0.999,0,0,0,0,0,0,0,0,0,0,0
1455431764712359,Petr Vokřál,5,4,0.8,39,30048,6010,517998,103600,180001,6,0,0.165,0.152,0.089,0.065,0.031,0.022,0,0.102,0.165,0.109,0.056,0.023,0.016,0.524,0.471,0,0.267,0.317,0.197,0.121,0.054,0.039,0,0,0,0,0,0,0,0,0,0.01,0.985,0.003,0,0.001
2066000537016513,František Jura,5,5,1,306,65948,13190,243498,48700,208001,5.2,0,0.044,0.084,0.105,0.102,0.084,0.109,0,0.049,0.099,0.101,0.085,0.06,0.073,0.528,0.468,0,0.093,0.183,0.206,0.187,0.144,0.182,0.018,0.014,0.01,0.01,0.007,0.022,0.007,0.009,0.007,0.008,0.022,0.827,0.028,0.01
104433361839236,Hradečtí kantoři a Nestraníci,4,4,1,40,12898,3224,129498,32374,50001,10.5,0,0,0,0,0,0,0,0,0,0,0,0,0,0,0,0,0,0,0,0,0,0,0,0,0,0,0,0,0,0,0,0,0,0,0,0,0
2055511098061705,Spolek Jinonice,4,2,0.5,176,18498,4624,127498,31874,100001,4,0,0.084,0.124,0.08,0.05,0.036,0.041,0,0.112,0.219,0.116,0.063,0.03,0.036,0.415,0.576,0,0.196,0.344,0.196,0.113,0.066,0.077,0,0,0,0,0,0,0,0,0,0,0,0,0,0
257821397915008,Naše Odpadky,4,4,1,31,20448,5112,292498,73124,1000001,3.2,0,0.018,0.023,0.035,0.056,0.09,0.124,0,0.078,0.082,0.122,0.14,0.12,0.107,0.346,0.65,0,0.096,0.105,0.157,0.196,0.21,0.232,0,0,0,0,0,0,0,0,0,0,0,0,0,0
351328815012336,Milan Krajča,4,2,0.5,2040,14198,3550,63998,16000,375026,7,0,0.009,0.022,0.033,0.039,0.071,0.112,0,0.078,0.15,0.13,0.132,0.098,0.122,0.285,0.708,0,0.086,0.172,0.162,0.171,0.168,0.233,0.928,0.07,0,0,0,0,0,0,0,0,0,0,0,0
107790531815065,Lukáš Holeček - prodej nemovitostí s dobrým koncem,3,3,1,99,14498,4833,209998,69999,100001,37,0,0.017,0.087,0.118,0.124,0.091,0.063,0,0.016,0.126,0.158,0.111,0.052,0.033,0.499,0.497,0,0.033,0.213,0.276,0.235,0.143,0.096,0.613,0.379,0,0,0,0.008,0,0,0,0,0,0,0,0
572646052818182,ODS Brno,3,3,1,119,18748,6249,84498,28166,100001,4,0,0.027,0.04,0.043,0.065,0.071,0.092,0,0.096,0.159,0.128,0.117,0.079,0.078,0.338,0.657,0,0.123,0.2,0.171,0.182,0.149,0.17,0,0,0,0,0,0,0,0,0,0,0,0,0,0
106543035551602,Joanna Neri Dela Cruz,2,1,0.5,81,1379,690,140999,70500,1000001,4.5,0,0.16,0.052,0.03,0.02,0.012,0.005,0,0.445,0.154,0.076,0.03,0.01,0.005,0.278,0.719,0,0.605,0.205,0.106,0.05,0.022,0.01,0,0,0,0,0,0,0,0,0,0,0,0,0,0
312308516339470,Parádní kraj,2,2,1,52,25999,13000,512499,256250,100001,124.5,0,0.076,0.108,0.059,0.045,0.028,0.02,0,0.122,0.236,0.148,0.09,0.038,0.026,0.336,0.659,0,0.198,0.344,0.207,0.136,0.065,0.046,0,0,0,0,0,0,0,0.036,0.963,0,0,0,0,0
